epoch,train_loss,train_accuracy,test_accuracy
1,1.3804909785588582,0.2721354166666667,0.3055555555555556
2,1.3504505025015936,0.3454861111111111,0.3472222222222222
3,1.329576399591234,0.37890625,0.3645833333333333
4,1.3095588684082031,0.42578125,0.3880208333333333
5,1.289828684594896,0.4505208333333333,0.4123263888888889
6,1.2762639787462022,0.4700520833333333,0.4231770833333333
7,1.2568390236960516,0.48828125,0.4535590277777778
8,1.2412230968475342,0.5060763888888888,0.4353298611111111
9,1.2346956862343683,0.5104166666666666,0.4800347222222222
10,1.2191908889346652,0.53125,0.4787326388888889
11,1.2128825452592638,0.5416666666666666,0.4939236111111111
12,1.2022803094651964,0.5494791666666666,0.4913194444444444
13,1.19415635532803,0.5551215277777778,0.5004340277777778
14,1.1877818240059748,0.5651041666666666,0.4939236111111111
15,1.1883517768647935,0.5572916666666666,0.51171875
16,1.1720169650183783,0.5855034722222222,0.51171875
17,1.1660243802600436,0.5980902777777778,0.5238715277777778
18,1.159915394253201,0.5967881944444444,0.5212673611111112
19,1.1537324322594538,0.5967881944444444,0.5169270833333334
20,1.1508989334106445,0.6111111111111112,0.5190972222222222
21,1.1502726872762044,0.5963541666666666,0.5373263888888888
22,1.140726645787557,0.6098090277777778,0.5338541666666666
23,1.1303892797893949,0.6345486111111112,0.53515625
24,1.125831060939365,0.63671875,0.5416666666666666
25,1.123760011461046,0.6345486111111112,0.5494791666666666
26,1.1290000412199233,0.6384548611111112,0.5577256944444444
27,1.1152875820795696,0.6475694444444444,0.5390625
28,1.1134978135426838,0.6527777777777778,0.5490451388888888
29,1.1132971445719402,0.6449652777777778,0.5407986111111112
30,1.0992291635937161,0.6597222222222222,0.5629340277777778
31,1.091282500161065,0.6657986111111112,0.5685763888888888
32,1.0963542461395264,0.6710069444444444,0.5616319444444444
33,1.092460658815172,0.6671006944444444,0.5729166666666666
34,1.0905950731701322,0.6649305555555556,0.5707465277777778
35,1.0907276074091594,0.6705729166666666,0.5690104166666666
36,1.0863583352830675,0.6792534722222222,0.53515625
37,1.0804365475972493,0.6883680555555556,0.5737847222222222
38,1.0755019982655842,0.6801215277777778,0.5633680555555556
39,1.0788962178760104,0.6853298611111112,0.5625
40,1.0645981364780002,0.69921875,0.5746527777777778
41,1.072617769241333,0.6883680555555556,0.5703125
42,1.0688112311893039,0.6901041666666666,0.5776909722222222
43,1.0682853725221422,0.6827256944444444,0.5581597222222222
44,1.0615329874886408,0.7009548611111112,0.5798611111111112
45,1.0645319355858698,0.7009548611111112,0.5737847222222222
46,1.0632004605399237,0.703125,0.5807291666666666
47,1.0652906497319539,0.6974826388888888,0.5659722222222222
48,1.0558829307556152,0.703125,0.5837673611111112
49,1.0541212691201105,0.7113715277777778,0.5811631944444444
50,1.0500286950005426,0.7122395833333334,0.5907118055555556
51,1.0471696986092462,0.71875,0.5720486111111112
52,1.046236726972792,0.7165798611111112,0.5794270833333334
53,1.0424423615137737,0.7174479166666666,0.5946180555555556
54,1.0357011689080133,0.7278645833333334,0.5824652777777778
55,1.0373163885540433,0.7174479166666666,0.5989583333333334
56,1.0386103789011638,0.7265625,0.5811631944444444
57,1.038739350106981,0.7261284722222222,0.59375
58,1.035971138212416,0.7296006944444444,0.5729166666666666
59,1.0333501232994928,0.7269965277777778,0.5868055555555556
60,1.0449596775902643,0.7087673611111112,0.5598958333333334
61,1.0329559511608548,0.7235243055555556,0.5776909722222222
62,1.0357316533724468,0.7317708333333334,0.5746527777777778
63,1.0222450362311468,0.7465277777777778,0.5933159722222222
64,1.0260017580456204,0.7356770833333334,0.5603298611111112
65,1.0306585894690619,0.7309027777777778,0.5859375
66,1.023208373122745,0.7213541666666666,0.5954861111111112
67,1.0136648151609633,0.7495659722222222,0.59375
68,1.019924971792433,0.7391493055555556,0.5885416666666666
69,1.0189709729618497,0.7339409722222222,0.5915798611111112
70,1.0123561951849196,0.7552083333333334,0.58984375
71,1.0123403999540541,0.7478298611111112,0.5993923611111112
72,1.0106284485922918,0.75,0.6028645833333334
73,1.0147822168138292,0.7530381944444444,0.59765625
74,1.0138549738460116,0.7391493055555556,0.5998263888888888
75,1.0159048835436504,0.7391493055555556,0.59375
76,1.01391996939977,0.7391493055555556,0.5933159722222222
77,1.0031429992781744,0.7573784722222222,0.578125
78,1.0025343232684665,0.7565104166666666,0.6024305555555556
79,1.0075146158536274,0.7486979166666666,0.5989583333333334
80,1.0125916202863057,0.7456597222222222,0.5859375
81,1.0041703979174297,0.7543402777777778,0.6059027777777778
82,0.9916753504011366,0.7769097222222222,0.59375
83,0.9979833629396226,0.7586805555555556,0.5972222222222222
84,0.9949300951427884,0.7712673611111112,0.5972222222222222
85,1.001059763961368,0.7495659722222222,0.6106770833333334
86,0.995277378294203,0.7591145833333334,0.5946180555555556
87,0.9979949063724942,0.7591145833333334,0.6019965277777778
88,0.9977930519315932,0.7595486111111112,0.6050347222222222
89,0.9949495063887702,0.7586805555555556,0.6002604166666666
90,1.0099151531855266,0.73828125,0.6037326388888888
91,0.9976716571384006,0.7625868055555556,0.5950520833333334
92,0.9893277883529663,0.7690972222222222,0.58984375
93,0.9995316796832614,0.7591145833333334,0.5915798611111112
94,0.995356924004025,0.7586805555555556,0.6106770833333334
95,0.9891579349835714,0.7730034722222222,0.6072048611111112
96,0.988185789850023,0.76953125,0.6063368055555556
97,0.9859133627679613,0.7677951388888888,0.6028645833333334
98,0.9852334459622701,0.7769097222222222,0.5985243055555556
99,0.9849083622296652,0.7717013888888888,0.6019965277777778
100,0.9917810691727532,0.7660590277777778,0.5985243055555556
101,0.9821788536177741,0.7782118055555556,0.59765625
102,0.982633133729299,0.7777777777777778,0.6041666666666666
103,0.9849113424619039,0.7664930555555556,0.5894097222222222
104,0.9894229372342428,0.7686631944444444,0.6041666666666666
105,0.986663454108768,0.7673611111111112,0.6037326388888888
106,0.9778705437978109,0.7842881944444444,0.5967881944444444
107,0.9851735962761773,0.7677951388888888,0.6006944444444444
108,0.9701671931478713,0.7886284722222222,0.5972222222222222
109,0.9756888283623589,0.7808159722222222,0.6024305555555556
110,0.9782559275627136,0.7786458333333334,0.6015625
111,0.9760534233517117,0.7782118055555556,0.5998263888888888
112,0.976443330446879,0.7777777777777778,0.5985243055555556
113,0.9798907902505662,0.7712673611111112,0.5972222222222222
114,0.9778390791681077,0.7769097222222222,0.60546875
115,0.9830812679396735,0.7682291666666666,0.5972222222222222
116,0.9773255387941996,0.7829861111111112,0.6102430555555556
117,0.982353561454349,0.7673611111111112,0.59375
118,0.9861336482895745,0.7682291666666666,0.6106770833333334
119,0.9714695943726434,0.7825520833333334,0.6106770833333334
120,0.972356743282742,0.7855902777777778,0.5998263888888888
121,0.9663901792632209,0.7973090277777778,0.6059027777777778
122,0.9776600665516324,0.7717013888888888,0.6041666666666666
123,0.9575869176122878,0.8090277777777778,0.6080729166666666
124,0.9653367201487223,0.7877604166666666,0.5989583333333334
125,0.9623716274897257,0.7855902777777778,0.6141493055555556
126,0.9668416115972731,0.7890625,0.609375
127,0.9636617832713656,0.7947048611111112,0.6150173611111112
128,0.9720581571261088,0.7790798611111112,0.6102430555555556
129,0.9676394793722365,0.7894965277777778,0.6019965277777778
130,0.9663443366686503,0.7877604166666666,0.6223958333333334
131,0.9699451923370361,0.7868923611111112,0.6206597222222222
132,0.9588708877563477,0.796875,0.6028645833333334
133,0.9661662313673232,0.7890625,0.6002604166666666
134,0.9663822319772508,0.7834201388888888,0.6102430555555556
135,0.966515044371287,0.7842881944444444,0.6111111111111112
136,0.9633909662564596,0.7907986111111112,0.6245659722222222
137,0.9592157536082797,0.8012152777777778,0.6137152777777778
138,0.9642635385195414,0.7864583333333334,0.6076388888888888
139,0.9688791433970133,0.7855902777777778,0.6158854166666666
140,0.9675399528609382,0.7855902777777778,0.6011284722222222
141,0.9584759208891127,0.7981770833333334,0.6076388888888888
142,0.9666909707917107,0.7899305555555556,0.6063368055555556
143,0.9682577715979682,0.7868923611111112,0.6180555555555556
144,0.9691269199053446,0.7803819444444444,0.6193576388888888
145,0.9662746323479546,0.7881944444444444,0.58984375
146,0.9707680212126838,0.7847222222222222,0.609375
147,0.9647438592380948,0.7955729166666666,0.6176215277777778
148,0.9649628003438314,0.7873263888888888,0.6098090277777778
149,0.9641728533638848,0.7873263888888888,0.6015625
150,0.9640037881003486,0.7834201388888888,0.6119791666666666
151,0.9584654635853238,0.7942708333333334,0.60546875
152,0.9628451863924662,0.7881944444444444,0.6215277777777778
153,0.963271352979872,0.7855902777777778,0.6080729166666666
154,0.9635100629594591,0.7886284722222222,0.5868055555555556
155,0.9589387708240085,0.7938368055555556,0.6258680555555556
156,0.9644961886935763,0.7903645833333334,0.6067708333333334
157,0.9597491953108046,0.7951388888888888,0.6072048611111112
158,0.961210396554735,0.7934027777777778,0.6028645833333334
159,0.9568303426106771,0.7960069444444444,0.6128472222222222
160,0.9514124989509583,0.8038194444444444,0.5972222222222222
161,0.9551778634389242,0.7955729166666666,0.6076388888888888
162,0.9468824134932624,0.8059895833333334,0.6050347222222222
163,0.950909243689643,0.8020833333333334,0.6032986111111112
164,0.9685328006744385,0.7786458333333334,0.6137152777777778
165,0.946149210135142,0.8051215277777778,0.6119791666666666
166,0.9609348575274149,0.7912326388888888,0.6154513888888888
167,0.9498551819059584,0.8046875,0.6019965277777778
168,0.9562419917848375,0.79296875,0.6106770833333334
169,0.9526532954639859,0.7981770833333334,0.6163194444444444
170,0.9479123817549812,0.8038194444444444,0.6128472222222222
171,0.9509916967815824,0.7994791666666666,0.6184895833333334
172,0.9414428936110603,0.8125,0.6111111111111112
173,0.9464990893999735,0.80078125,0.6041666666666666
174,0.9543374180793762,0.7942708333333334,0.6145833333333334
175,0.9501095877753364,0.8033854166666666,0.6223958333333334
176,0.9538210034370422,0.7960069444444444,0.6098090277777778
177,0.9465243021647135,0.8059895833333334,0.6067708333333334
178,0.9590524567498101,0.7855902777777778,0.6228298611111112
179,0.9453094204266866,0.8029513888888888,0.6098090277777778
180,0.9489895171589322,0.8072916666666666,0.6119791666666666
181,0.9470572537846036,0.8033854166666666,0.6119791666666666
182,0.941501518090566,0.8103298611111112,0.6115451388888888
183,0.9498591952853732,0.8016493055555556,0.6171875
184,0.9467126329739889,0.8077256944444444,0.6167534722222222
185,0.9438987308078342,0.8111979166666666,0.6206597222222222
186,0.9429167641533746,0.8064236111111112,0.5985243055555556
187,0.9526642627186246,0.7986111111111112,0.6145833333333334
188,0.9457522299554613,0.8033854166666666,0.609375
189,0.9374208715226915,0.8138020833333334,0.6193576388888888
190,0.9434829817877876,0.8098958333333334,0.6263020833333334
191,0.9428854518466525,0.8094618055555556,0.62109375
192,0.9385659297307333,0.8125,0.6111111111111112
193,0.9463748004701402,0.8059895833333334,0.6150173611111112
194,0.9463057054413689,0.8042534722222222,0.6193576388888888
195,0.9501489467091031,0.8025173611111112,0.6128472222222222
196,0.9436801870663961,0.8059895833333334,0.6206597222222222
197,0.9452640149328444,0.8042534722222222,0.6158854166666666
198,0.941505233446757,0.8090277777777778,0.6176215277777778
199,0.9438231786092123,0.8081597222222222,0.6228298611111112
200,0.946007059680091,0.8051215277777778,0.6106770833333334
201,0.948549919658237,0.7994791666666666,0.6215277777777778
202,0.9423172540134854,0.8107638888888888,0.6119791666666666
203,0.9343796769777933,0.8220486111111112,0.6111111111111112
204,0.953331344657474,0.7994791666666666,0.6254340277777778
205,0.938948929309845,0.8116319444444444,0.6189236111111112
206,0.941065145863427,0.8168402777777778,0.6202256944444444
207,0.9429518050617642,0.8033854166666666,0.6050347222222222
208,0.9380466540654501,0.8190104166666666,0.625
209,0.9453194671207004,0.8098958333333334,0.6106770833333334
210,0.9388151698642306,0.8103298611111112,0.6197916666666666
211,0.9369989766014947,0.8107638888888888,0.6124131944444444
212,0.9372381700409783,0.8151041666666666,0.6332465277777778
213,0.9490724603335062,0.8003472222222222,0.6141493055555556
214,0.941311260064443,0.8077256944444444,0.6076388888888888
215,0.9452926450305514,0.8038194444444444,0.6050347222222222
216,0.9351991415023804,0.8142361111111112,0.6245659722222222
217,0.9341862400372823,0.8155381944444444,0.6184895833333334
218,0.9343712263637118,0.8146701388888888,0.6119791666666666
219,0.9433164265420702,0.7999131944444444,0.6141493055555556
220,0.9412960807482401,0.8038194444444444,0.6228298611111112
221,0.9417568577660455,0.8059895833333334,0.6284722222222222
222,0.93994583023919,0.8064236111111112,0.6236979166666666
223,0.934089355998569,0.8272569444444444,0.6098090277777778
224,0.9333433508872986,0.8250868055555556,0.6150173611111112
225,0.9298263589541117,0.8289930555555556,0.6072048611111112
226,0.9375984867413839,0.8129340277777778,0.6102430555555556
227,0.941817045211792,0.8081597222222222,0.6171875
228,0.933923065662384,0.8129340277777778,0.6150173611111112
229,0.9345334503385756,0.8181423611111112,0.6171875
230,0.937931564119127,0.8125,0.6206597222222222
231,0.9451544682184855,0.8038194444444444,0.6263020833333334
232,0.9379571146435208,0.8138020833333334,0.6232638888888888
233,0.9353555705812242,0.8133680555555556,0.6080729166666666
234,0.9345934457249112,0.8155381944444444,0.6245659722222222
235,0.9354576733377244,0.8159722222222222,0.6119791666666666
236,0.9266922407680087,0.8237847222222222,0.6319444444444444
237,0.9391662014855279,0.8146701388888888,0.6263020833333334
238,0.9217301408449808,0.8289930555555556,0.6141493055555556
239,0.9272672997580634,0.8246527777777778,0.6163194444444444
240,0.9323270122210184,0.8181423611111112,0.6193576388888888
241,0.9372807542483012,0.8051215277777778,0.6215277777777778
242,0.9296743671099345,0.8181423611111112,0.6215277777777778
243,0.9297664430406358,0.8177083333333334,0.6245659722222222
244,0.9435341424412198,0.8077256944444444,0.6180555555555556
245,0.9301455285814073,0.8172743055555556,0.6236979166666666
246,0.9357591734992133,0.8120659722222222,0.6223958333333334
247,0.9350839323467679,0.8172743055555556,0.6128472222222222
248,0.9260816242959764,0.8255208333333334,0.6111111111111112
249,0.9356128573417664,0.8120659722222222,0.6145833333333334
250,0.9306913415590922,0.8224826388888888,0.6076388888888888
251,0.9252816836039225,0.82421875,0.60546875
252,0.9373719890912374,0.8107638888888888,0.6167534722222222
253,0.9277317457728915,0.8203125,0.609375
254,0.9243930048412747,0.8272569444444444,0.6202256944444444
255,0.9287807411617703,0.8211805555555556,0.6232638888888888
256,0.929787814617157,0.8246527777777778,0.6197916666666666
257,0.9269714024331834,0.8233506944444444,0.6085069444444444
258,0.9302045504252116,0.81640625,0.625
259,0.9371583859125773,0.8155381944444444,0.6050347222222222
260,0.937592261367374,0.8129340277777778,0.62109375
261,0.9335727294286092,0.8138020833333334,0.6106770833333334
262,0.9321216874652438,0.8172743055555556,0.6089409722222222
263,0.9284051325586107,0.8181423611111112,0.6171875
264,0.9445003337330289,0.8029513888888888,0.6137152777777778
265,0.9385948644744025,0.8098958333333334,0.6067708333333334
266,0.9306672347916497,0.8194444444444444,0.6193576388888888
267,0.9330620500776503,0.8181423611111112,0.62890625
268,0.9248828159438239,0.8233506944444444,0.6171875
269,0.9204692244529724,0.8307291666666666,0.6202256944444444
270,0.9255952967537774,0.8229166666666666,0.6223958333333334
271,0.9311169385910034,0.8151041666666666,0.6215277777777778
272,0.9293429454167684,0.8172743055555556,0.6102430555555556
273,0.9207528564665053,0.8328993055555556,0.6258680555555556
274,0.9134016765488518,0.8402777777777778,0.6158854166666666
275,0.924948963854048,0.8250868055555556,0.5894097222222222
276,0.9358907805548774,0.8142361111111112,0.6115451388888888
277,0.9375078346994188,0.8094618055555556,0.6167534722222222
278,0.9289330906338162,0.8177083333333334,0.6215277777777778
279,0.9298322333229913,0.8177083333333334,0.6150173611111112
280,0.9347532524002923,0.8146701388888888,0.6137152777777778
281,0.9251816603872511,0.8224826388888888,0.6280381944444444
282,0.9256674581103854,0.8268229166666666,0.6184895833333334
283,0.921037044790056,0.8237847222222222,0.6011284722222222
284,0.9286553263664246,0.8142361111111112,0.6141493055555556
285,0.9203359882036845,0.8276909722222222,0.6276041666666666
286,0.9172931843333774,0.8342013888888888,0.6089409722222222
287,0.9198936621348063,0.8289930555555556,0.62109375
288,0.9368612633811103,0.8133680555555556,0.61328125
289,0.927480419476827,0.8246527777777778,0.6154513888888888
290,0.9257124066352844,0.82421875,0.6171875
291,0.9292775524987115,0.8203125,0.609375
292,0.9291926092571683,0.8177083333333334,0.6124131944444444
293,0.9224400454097323,0.8298611111111112,0.6193576388888888
294,0.9148660169707404,0.8350694444444444,0.6215277777777778
295,0.9282100465562608,0.8142361111111112,0.6171875
296,0.9307400120629205,0.8181423611111112,0.6206597222222222
297,0.9206952585114373,0.8276909722222222,0.6219618055555556
298,0.9259358247121176,0.8216145833333334,0.6202256944444444
299,0.9212420450316535,0.8272569444444444,0.6059027777777778
300,0.927956137392256,0.8207465277777778,0.6115451388888888
301,0.9197390675544739,0.8355034722222222,0.6102430555555556
302,0.9196179972754585,0.8259548611111112,0.609375
303,0.9302851226594713,0.8198784722222222,0.6184895833333334
304,0.9133100112279257,0.8368055555555556,0.6154513888888888
305,0.91806870036655,0.8333333333333334,0.61328125
306,0.9289786418279012,0.8198784722222222,0.6119791666666666
307,0.9301397667990791,0.8185763888888888,0.6236979166666666
308,0.9314466714859009,0.81640625,0.6111111111111112
309,0.9206893973880343,0.8246527777777778,0.6163194444444444
310,0.917797737651401,0.8298611111111112,0.6215277777777778
311,0.9158793290456136,0.8328993055555556,0.6228298611111112
312,0.9191979169845581,0.8250868055555556,0.6215277777777778
313,0.9238854779137505,0.82421875,0.6184895833333334
314,0.9231530626614889,0.8203125,0.6141493055555556
315,0.9283527202076383,0.8190104166666666,0.6284722222222222
316,0.9138186573982239,0.8333333333333334,0.6193576388888888
317,0.9103502962324355,0.8363715277777778,0.6241319444444444
318,0.915170795387692,0.83203125,0.6180555555555556
319,0.9147277540630765,0.8394097222222222,0.6206597222222222
320,0.9205389155281914,0.8255208333333334,0.6189236111111112
321,0.9192831714948019,0.83203125,0.6098090277777778
322,0.9117928412225511,0.8355034722222222,0.6115451388888888
323,0.9243277377552457,0.8268229166666666,0.6150173611111112
324,0.9250048067834642,0.8233506944444444,0.6184895833333334
325,0.9205234249432882,0.8307291666666666,0.62109375
326,0.9298192395104302,0.80859375,0.6158854166666666
327,0.9190558989842733,0.8289930555555556,0.6102430555555556
328,0.9221526450581021,0.82421875,0.6176215277777778
329,0.9179121057192484,0.8255208333333334,0.6150173611111112
330,0.9151630269156562,0.8355034722222222,0.6158854166666666
331,0.9160515732235379,0.8307291666666666,0.6263020833333334
332,0.9190585679478116,0.828125,0.6158854166666666
333,0.9244646628697714,0.8224826388888888,0.6128472222222222
334,0.9211244781812032,0.8259548611111112,0.6067708333333334
335,0.9078238606452942,0.8424479166666666,0.6141493055555556
336,0.9168436593479581,0.8276909722222222,0.6158854166666666
337,0.9188392029868232,0.8272569444444444,0.6171875
338,0.9217719303237067,0.8268229166666666,0.6158854166666666
339,0.9197540349430509,0.8237847222222222,0.6202256944444444
340,0.9230243232515123,0.8255208333333334,0.5954861111111112
341,0.9119374950726827,0.8355034722222222,0.6193576388888888
342,0.9188094072871738,0.8307291666666666,0.6176215277777778
343,0.9102984269460043,0.84375,0.6219618055555556
344,0.9181534051895142,0.83203125,0.6176215277777778
345,0.9169930749469333,0.8302951388888888,0.6145833333333334
346,0.9172132015228271,0.8315972222222222,0.6154513888888888
347,0.9108345905939738,0.8415798611111112,0.6193576388888888
348,0.9108959767553542,0.8376736111111112,0.6119791666666666
349,0.9171308080355326,0.8333333333333334,0.6189236111111112
350,0.9119403229819404,0.8376736111111112,0.6206597222222222
351,0.9190032415919833,0.8246527777777778,0.6202256944444444
352,0.9128674467404684,0.8328993055555556,0.6141493055555556
353,0.9170813295576308,0.8342013888888888,0.6067708333333334
354,0.9191844463348389,0.83203125,0.6219618055555556
355,0.9186531768904792,0.8342013888888888,0.6202256944444444
356,0.9173518617947897,0.8294270833333334,0.6176215277777778
357,0.9150883422957526,0.8298611111111112,0.6236979166666666
358,0.921104007297092,0.8302951388888888,0.6232638888888888
359,0.9072372317314148,0.8368055555555556,0.6254340277777778
360,0.9092121322949728,0.8407118055555556,0.6167534722222222
361,0.9112716846995883,0.83203125,0.6310763888888888
362,0.9124796191851298,0.8359375,0.6219618055555556
363,0.9117735491858588,0.8372395833333334,0.6197916666666666
364,0.9036638206905789,0.8428819444444444,0.6184895833333334
365,0.919007314576043,0.8263888888888888,0.6098090277777778
366,0.9092661870850457,0.8402777777777778,0.6154513888888888
367,0.9127096931139628,0.8311631944444444,0.6137152777777778
368,0.908873094452752,0.8420138888888888,0.6241319444444444
369,0.919114006890191,0.8285590277777778,0.5954861111111112
370,0.926000197728475,0.8181423611111112,0.6072048611111112
371,0.911535812748803,0.8376736111111112,0.6263020833333334
372,0.9192148513264127,0.8263888888888888,0.6245659722222222
373,0.9137322372860379,0.8324652777777778,0.6228298611111112
374,0.9113288323084513,0.8372395833333334,0.6145833333333334
375,0.9169463316599528,0.8328993055555556,0.6215277777777778
376,0.91579755809572,0.8337673611111112,0.6189236111111112
377,0.9052462644047208,0.8433159722222222,0.625
378,0.909967283407847,0.8411458333333334,0.6219618055555556
379,0.9022019373046027,0.8489583333333334,0.60546875
380,0.9187314311663309,0.828125,0.6189236111111112
381,0.9044286277559068,0.8407118055555556,0.6176215277777778
382,0.91093420320087,0.83984375,0.6215277777777778
383,0.9144450691011217,0.8346354166666666,0.6176215277777778
384,0.9183416101667616,0.8229166666666666,0.6193576388888888
385,0.9083237250645956,0.8394097222222222,0.6171875
386,0.912901348537869,0.8350694444444444,0.6267361111111112
387,0.9112878110673692,0.8428819444444444,0.6158854166666666
388,0.9129679269260831,0.8324652777777778,0.6293402777777778
389,0.9162790113025241,0.8255208333333334,0.6245659722222222
390,0.9271422094768949,0.8211805555555556,0.6046006944444444
391,0.9115371571646796,0.8342013888888888,0.6024305555555556
392,0.9023857050471835,0.8463541666666666,0.6163194444444444
393,0.905492471324073,0.8402777777777778,0.6228298611111112
394,0.9168161484930251,0.82421875,0.6306423611111112
395,0.9101835687955221,0.8376736111111112,0.6124131944444444
396,0.9173776772287157,0.8268229166666666,0.6063368055555556
397,0.9108252459102206,0.8363715277777778,0.6336805555555556
398,0.9112801220681932,0.8381076388888888,0.6141493055555556
399,0.9128956397374471,0.8342013888888888,0.6258680555555556
400,0.9135111040539212,0.8324652777777778,0.5989583333333334
401,0.9108832014931573,0.8302951388888888,0.609375
402,0.9188234342469109,0.828125,0.6141493055555556
403,0.8992217249340482,0.8489583333333334,0.6263020833333334
404,0.913014656967587,0.8346354166666666,0.6106770833333334
405,0.9084872139824761,0.8368055555555556,0.6141493055555556
406,0.912919369008806,0.8368055555555556,0.6258680555555556
407,0.9116529292530484,0.8350694444444444,0.6263020833333334
408,0.9055900838640001,0.84375,0.6059027777777778
409,0.9038460453351339,0.8467881944444444,0.6228298611111112
410,0.8975398143132528,0.8515625,0.6150173611111112
411,0.9005673925081888,0.84765625,0.6141493055555556
412,0.8995317551824782,0.8511284722222222,0.6015625
413,0.9040088852246603,0.8411458333333334,0.6223958333333334
414,0.9039319290055169,0.8441840277777778,0.6154513888888888
415,0.9085309902826945,0.8368055555555556,0.6050347222222222
416,0.9083644350369772,0.8368055555555556,0.6189236111111112
417,0.9015421933597989,0.8498263888888888,0.6184895833333334
418,0.9077862898508707,0.8424479166666666,0.6128472222222222
419,0.9149067203203837,0.8298611111111112,0.6189236111111112
420,0.9169091383616129,0.8311631944444444,0.6236979166666666
421,0.9057605399025811,0.8433159722222222,0.625
422,0.9097038573688931,0.8342013888888888,0.62109375
423,0.9239451421631707,0.8203125,0.6206597222222222
424,0.9029424322976006,0.8459201388888888,0.62890625
425,0.9093747999933031,0.8368055555555556,0.6245659722222222
426,0.9107843306329515,0.8381076388888888,0.6236979166666666
427,0.9158999853663974,0.8298611111111112,0.6232638888888888
428,0.9054668479495578,0.8428819444444444,0.6236979166666666
429,0.9167360464731852,0.8263888888888888,0.6302083333333334
430,0.9201802810033163,0.8237847222222222,0.6080729166666666
431,0.9017598960134718,0.8498263888888888,0.6154513888888888
432,0.9109653433163961,0.8333333333333334,0.6241319444444444
433,0.9102236098713345,0.8359375,0.6223958333333334
434,0.8990583154890273,0.8502604166666666,0.6206597222222222
435,0.8980430563290914,0.8559027777777778,0.6158854166666666
436,0.8980072405603197,0.8528645833333334,0.6232638888888888
437,0.8971461719936795,0.8511284722222222,0.6228298611111112
438,0.9022229777442085,0.8446180555555556,0.6119791666666666
439,0.9004739059342278,0.8463541666666666,0.6362847222222222
440,0.9068991012043424,0.8355034722222222,0.6388888888888888
441,0.9046742452515496,0.8446180555555556,0.6184895833333334
442,0.9094014565149943,0.8424479166666666,0.6141493055555556
443,0.904650542471144,0.8385416666666666,0.62109375
444,0.9105057385232713,0.8359375,0.61328125
445,0.9141520725356208,0.8315972222222222,0.6154513888888888
446,0.9067287511295743,0.8407118055555556,0.6202256944444444
447,0.9014153348075019,0.8459201388888888,0.6141493055555556
448,0.8972632884979248,0.8528645833333334,0.6176215277777778
449,0.898894641134474,0.84765625,0.6180555555555556
450,0.9083617528279623,0.8415798611111112,0.6158854166666666
451,0.9114761551221212,0.8337673611111112,0.6028645833333334
452,0.9137048257721795,0.8324652777777778,0.6193576388888888
453,0.9044066402647231,0.8467881944444444,0.6163194444444444
454,0.9108124772707621,0.8350694444444444,0.6141493055555556
455,0.9065470099449158,0.8394097222222222,0.6263020833333334
456,0.9154289563496908,0.8311631944444444,0.625
457,0.9127271705203586,0.8307291666666666,0.6206597222222222
458,0.9045740564664205,0.84375,0.6258680555555556
459,0.9015105764071146,0.8450520833333334,0.6167534722222222
460,0.8991223573684692,0.8519965277777778,0.6184895833333334
461,0.9020145535469055,0.8415798611111112,0.6089409722222222
462,0.8967248664961921,0.8528645833333334,0.6271701388888888
463,0.9091717402140299,0.83203125,0.6176215277777778
464,0.9087035589747958,0.8346354166666666,0.6280381944444444
465,0.905687173207601,0.8424479166666666,0.6302083333333334
466,0.9063272807333205,0.8402777777777778,0.6236979166666666
467,0.9140055510732863,0.8311631944444444,0.6215277777777778
468,0.9125463366508484,0.8337673611111112,0.6163194444444444
469,0.913565456867218,0.8324652777777778,0.6180555555555556
470,0.9155181845029196,0.8268229166666666,0.6063368055555556
471,0.9140734341409471,0.8311631944444444,0.6145833333333334
472,0.9117477271291945,0.8376736111111112,0.6167534722222222
473,0.905836390124427,0.8415798611111112,0.6163194444444444
474,0.9001353912883334,0.8493923611111112,0.6115451388888888
475,0.9019998444451226,0.8489583333333334,0.609375
476,0.9054904513888888,0.8415798611111112,0.62890625
477,0.9057551821072897,0.8402777777777778,0.6219618055555556
478,0.897181941403283,0.8515625,0.6219618055555556
479,0.9102121790250143,0.8342013888888888,0.6302083333333334
480,0.9082237150934007,0.8359375,0.6236979166666666
481,0.9068441589673361,0.8355034722222222,0.6145833333333334
482,0.907547758685218,0.8355034722222222,0.6236979166666666
483,0.9062160121070014,0.8411458333333334,0.62109375
484,0.9064765903684828,0.8433159722222222,0.6236979166666666
485,0.9033030271530151,0.8407118055555556,0.6197916666666666
486,0.8985085818502638,0.8515625,0.6171875
487,0.9054258863131205,0.83984375,0.6158854166666666
488,0.9049756791856554,0.8381076388888888,0.6145833333333334
489,0.8976710836092631,0.8524305555555556,0.6154513888888888
490,0.892640683386061,0.8572048611111112,0.6150173611111112
491,0.9094425572289361,0.8376736111111112,0.6193576388888888
492,0.9006248447630141,0.8441840277777778,0.6215277777777778
493,0.9000845087899102,0.8441840277777778,0.6328125
494,0.9022160437371995,0.8415798611111112,0.6276041666666666
495,0.9020136727227105,0.8441840277777778,0.6258680555555556
496,0.8930674923790826,0.85546875,0.6141493055555556
497,0.8984445465935601,0.8463541666666666,0.6189236111111112
498,0.9038413431909349,0.8411458333333334,0.6241319444444444
499,0.9025763736830817,0.84375,0.6228298611111112
500,0.907701743973626,0.8381076388888888,0.6206597222222222
501,0.8994346327251859,0.8433159722222222,0.6189236111111112
502,0.8983083234892951,0.8467881944444444,0.6106770833333334
503,0.9011897047360738,0.8433159722222222,0.6189236111111112
504,0.89285276333491,0.8563368055555556,0.6232638888888888
505,0.9026302231682671,0.8420138888888888,0.6193576388888888
506,0.9035612940788269,0.8446180555555556,0.6254340277777778
507,0.9103576673401726,0.8376736111111112,0.6258680555555556
508,0.908894247478909,0.8368055555555556,0.6167534722222222
509,0.9011083775096469,0.8463541666666666,0.6323784722222222
510,0.8934237228499519,0.85546875,0.6276041666666666
511,0.9085863298839993,0.8368055555555556,0.6345486111111112
512,0.9064017666710747,0.8394097222222222,0.6223958333333334
513,0.9003911150826348,0.84375,0.6119791666666666
514,0.9028433031506009,0.8450520833333334,0.6137152777777778
515,0.9025869568188986,0.8472222222222222,0.6306423611111112
516,0.8981576694382561,0.8480902777777778,0.62890625
517,0.9026479323705038,0.8424479166666666,0.625
518,0.9002431829770406,0.8424479166666666,0.6254340277777778
519,0.9043387571970621,0.8389756944444444,0.6345486111111112
520,0.9002230962117513,0.8467881944444444,0.6236979166666666
521,0.9071735209888883,0.8342013888888888,0.6163194444444444
522,0.9109170503086514,0.8324652777777778,0.6232638888888888
523,0.8974731696976556,0.8502604166666666,0.6293402777777778
524,0.9009934994909499,0.8450520833333334,0.6293402777777778
525,0.9004333284166124,0.8450520833333334,0.62109375
526,0.9021521144443088,0.8454861111111112,0.61328125
527,0.9189354777336121,0.8250868055555556,0.6171875
528,0.8982118235694038,0.8502604166666666,0.6280381944444444
529,0.9016677803463407,0.8459201388888888,0.6284722222222222
530,0.8991067806879679,0.84765625,0.6276041666666666
531,0.9007313383950127,0.8489583333333334,0.6154513888888888
532,0.9022242691781786,0.8424479166666666,0.6102430555555556
533,0.9036542839474149,0.8424479166666666,0.6202256944444444
534,0.9016254411803352,0.8459201388888888,0.6176215277777778
535,0.9039484527375963,0.8424479166666666,0.6241319444444444
536,0.8943623966640897,0.8493923611111112,0.6111111111111112
537,0.897671639919281,0.8498263888888888,0.6141493055555556
538,0.9043970240486993,0.8415798611111112,0.6267361111111112
539,0.9109994504186842,0.83203125,0.62109375
540,0.9018316004011366,0.8420138888888888,0.6163194444444444
541,0.8960653079880608,0.84765625,0.6137152777777778
542,0.9017320540216234,0.8433159722222222,0.6315104166666666
543,0.8984753290812174,0.8489583333333334,0.62109375
544,0.9000862307018704,0.84375,0.6297743055555556
545,0.8904307948218452,0.8537326388888888,0.6141493055555556
546,0.9053441948360867,0.8359375,0.6102430555555556
547,0.8987936642434862,0.8489583333333334,0.6193576388888888
548,0.8998120228449503,0.8446180555555556,0.6293402777777778
549,0.9068571660253737,0.8381076388888888,0.6167534722222222
550,0.9007614850997925,0.8420138888888888,0.6267361111111112
551,0.8976449370384216,0.8506944444444444,0.6228298611111112
552,0.8936053448253207,0.8550347222222222,0.6111111111111112
553,0.8991807964113023,0.8415798611111112,0.6236979166666666
554,0.900598234600491,0.8420138888888888,0.6276041666666666
555,0.903056820233663,0.8402777777777778,0.6323784722222222
556,0.9106118679046631,0.8359375,0.6184895833333334
557,0.8904450204637315,0.8546006944444444,0.6145833333333334
558,0.8960377441512214,0.8498263888888888,0.6254340277777778
559,0.9093803101115756,0.8333333333333334,0.6176215277777778
560,0.898271275891198,0.8450520833333334,0.625
561,0.8932828042242262,0.8550347222222222,0.61328125
562,0.8966070877181159,0.8506944444444444,0.6219618055555556
563,0.8961518473095365,0.8506944444444444,0.6293402777777778
564,0.895611047744751,0.8480902777777778,0.6180555555555556
565,0.8922546108563741,0.8506944444444444,0.61328125
566,0.8954975869920518,0.8519965277777778,0.6219618055555556
567,0.9013777772585551,0.83984375,0.6284722222222222
568,0.8939918875694275,0.8467881944444444,0.6176215277777778
569,0.8871727254655626,0.8602430555555556,0.6245659722222222
570,0.8881006042162577,0.8598090277777778,0.6223958333333334
571,0.8897433943218656,0.8585069444444444,0.6336805555555556
572,0.897566576798757,0.8472222222222222,0.6306423611111112
573,0.8989088071717156,0.84765625,0.62109375
574,0.9009152121014066,0.8441840277777778,0.6180555555555556
575,0.8995729684829712,0.8463541666666666,0.6111111111111112
576,0.900576651096344,0.8450520833333334,0.6223958333333334
577,0.8911409179369608,0.8519965277777778,0.6193576388888888
578,0.892683313952552,0.8541666666666666,0.6223958333333334
579,0.8992845813433329,0.8502604166666666,0.6124131944444444
580,0.889866418308682,0.8576388888888888,0.6232638888888888
581,0.9016095068719652,0.8472222222222222,0.6184895833333334
582,0.905741274356842,0.8402777777777778,0.6128472222222222
583,0.8998940719498528,0.8459201388888888,0.6302083333333334
584,0.9079000817404853,0.8328993055555556,0.6171875
585,0.9094106091393365,0.8333333333333334,0.6241319444444444
586,0.8961320983039008,0.8502604166666666,0.6245659722222222
587,0.9024975697199503,0.8385416666666666,0.6011284722222222
588,0.8974204262097677,0.8472222222222222,0.6245659722222222
589,0.9125999874538846,0.8346354166666666,0.6184895833333334
590,0.9003042512469821,0.8467881944444444,0.6263020833333334
591,0.9001918037732443,0.8463541666666666,0.6115451388888888
592,0.8868835435973274,0.8572048611111112,0.6193576388888888
593,0.9041509826978048,0.8385416666666666,0.6228298611111112
594,0.9046116140153673,0.84375,0.6336805555555556
595,0.8904581665992737,0.8580729166666666,0.6258680555555556
596,0.8981201317575243,0.84765625,0.625
597,0.9062634706497192,0.8381076388888888,0.6150173611111112
598,0.8974574738078647,0.8502604166666666,0.6228298611111112
599,0.9008838997946845,0.8450520833333334,0.6345486111111112
600,0.8993721803029379,0.8502604166666666,0.6388888888888888
601,0.8956124583880106,0.8511284722222222,0.6362847222222222
602,0.904425581296285,0.83984375,0.6349826388888888
603,0.8931082553333707,0.8532986111111112,0.6263020833333334
604,0.9043668839666579,0.8441840277777778,0.6206597222222222
605,0.8971842196252611,0.8467881944444444,0.6232638888888888
606,0.899388227197859,0.8480902777777778,0.6271701388888888
607,0.8917697072029114,0.8550347222222222,0.6245659722222222
608,0.902735518084632,0.8407118055555556,0.6315104166666666
609,0.8842465082804362,0.8654513888888888,0.6232638888888888
610,0.8976567321353488,0.8519965277777778,0.6154513888888888
611,0.8981149792671204,0.8459201388888888,0.6219618055555556
612,0.9013527101940579,0.84375,0.6280381944444444
613,0.8962107366985745,0.8515625,0.6297743055555556
614,0.8975349532233344,0.8472222222222222,0.6223958333333334
615,0.9045222136709425,0.8372395833333334,0.6263020833333334
616,0.8987184630499946,0.8441840277777778,0.6245659722222222
617,0.8923827144834731,0.8515625,0.62109375
618,0.8892742395401001,0.8572048611111112,0.6245659722222222
619,0.8868021898799472,0.8598090277777778,0.6280381944444444
620,0.898993194103241,0.8528645833333334,0.6310763888888888
621,0.8999574118190341,0.8441840277777778,0.62109375
622,0.892388125260671,0.8511284722222222,0.6137152777777778
623,0.8995913664499918,0.8463541666666666,0.6098090277777778
624,0.8906939228375753,0.85546875,0.6245659722222222
625,0.8977946241696676,0.8446180555555556,0.6171875
626,0.8874365290006002,0.8576388888888888,0.6215277777777778
627,0.9043309291203817,0.84375,0.6323784722222222
628,0.8894902931319343,0.8537326388888888,0.6180555555555556
629,0.8960690432124667,0.8467881944444444,0.6276041666666666
630,0.8971184955702888,0.8450520833333334,0.6128472222222222
631,0.89523759815428,0.8480902777777778,0.6167534722222222
632,0.8983235094282362,0.8454861111111112,0.6219618055555556
633,0.8926004502508376,0.8541666666666666,0.6119791666666666
634,0.8937618202633328,0.8519965277777778,0.6297743055555556
635,0.9004197584258186,0.8467881944444444,0.6150173611111112
636,0.9042067858907912,0.8394097222222222,0.6276041666666666
637,0.8962505526012845,0.8511284722222222,0.6302083333333334
638,0.8938730094167922,0.8528645833333334,0.6202256944444444
639,0.8967992067337036,0.8480902777777778,0.6193576388888888
640,0.9012807276513841,0.8428819444444444,0.6141493055555556
641,0.9027332729763455,0.8394097222222222,0.6137152777777778
642,0.893681526184082,0.8480902777777778,0.6284722222222222
643,0.8893835014767117,0.8611111111111112,0.6271701388888888
644,0.9009656839900546,0.8454861111111112,0.6284722222222222
645,0.9013971951272752,0.8428819444444444,0.6258680555555556
646,0.8982928395271301,0.84765625,0.62109375
647,0.8944270147217644,0.84765625,0.6271701388888888
648,0.8924707637892829,0.8528645833333334,0.6184895833333334
649,0.9033553070492215,0.8407118055555556,0.6158854166666666
650,0.8964525858561198,0.8515625,0.625
651,0.9005647831492953,0.8472222222222222,0.6254340277777778
652,0.8931637075212266,0.8537326388888888,0.6241319444444444
653,0.8894068267610338,0.859375,0.6180555555555556
654,0.9033101929558648,0.8402777777777778,0.6106770833333334
655,0.8963458206918504,0.8502604166666666,0.6276041666666666
656,0.8915932840771146,0.8546006944444444,0.62109375
657,0.878923773765564,0.8667534722222222,0.6315104166666666
658,0.8910599946975708,0.85546875,0.6228298611111112
659,0.887598368856642,0.8580729166666666,0.6137152777777778
660,0.8813427951600816,0.8658854166666666,0.6141493055555556
661,0.897830863793691,0.84765625,0.6219618055555556
662,0.8978683021333482,0.8450520833333334,0.6102430555555556
663,0.9077627195252312,0.8315972222222222,0.6254340277777778
664,0.891353083981408,0.8559027777777778,0.6232638888888888
665,0.8964514401223924,0.8506944444444444,0.6254340277777778
666,0.8945177727275424,0.8489583333333334,0.6241319444444444
667,0.9043977989090813,0.8381076388888888,0.6267361111111112
668,0.8997923599349128,0.83984375,0.6197916666666666
669,0.8921278781361051,0.8567708333333334,0.6276041666666666
670,0.881857885254754,0.8654513888888888,0.6293402777777778
671,0.8897614214155409,0.8567708333333334,0.6167534722222222
672,0.8856275280316671,0.8602430555555556,0.6293402777777778
673,0.8868045608202616,0.8602430555555556,0.625
674,0.8942806786961026,0.8532986111111112,0.6184895833333334
675,0.8941350777943929,0.8502604166666666,0.6163194444444444
676,0.8940001924832662,0.8528645833333334,0.6306423611111112
677,0.8930220471488105,0.8485243055555556,0.6280381944444444
678,0.8981340792444017,0.8472222222222222,0.625
679,0.893945230378045,0.8537326388888888,0.6189236111111112
680,0.8973170386420356,0.84765625,0.6215277777777778
681,0.890709658463796,0.8580729166666666,0.6302083333333334
682,0.892602887418535,0.8515625,0.6232638888888888
683,0.8874426152971056,0.8580729166666666,0.6293402777777778
684,0.9012987282541063,0.8407118055555556,0.6158854166666666
685,0.8927755157152811,0.8515625,0.6202256944444444
686,0.8903645740614997,0.8528645833333334,0.6206597222222222
687,0.8958947989675734,0.8459201388888888,0.6297743055555556
688,0.8968310753504435,0.8424479166666666,0.6241319444444444
689,0.8889733089341058,0.8532986111111112,0.6128472222222222
690,0.8923303352461921,0.8546006944444444,0.62109375
691,0.8947293559710184,0.8506944444444444,0.6384548611111112
692,0.8878241115146213,0.859375,0.6358506944444444
693,0.8899004658063253,0.8541666666666666,0.61328125
694,0.9002514680226644,0.8411458333333334,0.6280381944444444
695,0.8989732464154562,0.8446180555555556,0.6284722222222222
696,0.8913637730810378,0.8563368055555556,0.6293402777777778
697,0.9002247717645433,0.8411458333333334,0.6128472222222222
698,0.9050856828689575,0.8402777777777778,0.6362847222222222
699,0.8932118680742052,0.8519965277777778,0.6215277777777778
700,0.8871655530399747,0.8619791666666666,0.6293402777777778
701,0.8856502175331116,0.8589409722222222,0.6232638888888888
702,0.8952592809995016,0.8459201388888888,0.6189236111111112
703,0.8958003057373894,0.8489583333333334,0.6223958333333334
704,0.8924384978082445,0.8532986111111112,0.6341145833333334
705,0.8975264032681783,0.8480902777777778,0.62890625
706,0.8884033693207635,0.859375,0.6263020833333334
707,0.8871815668212043,0.8589409722222222,0.6302083333333334
708,0.8863085839483473,0.86328125,0.6232638888888888
709,0.8839845856030782,0.8576388888888888,0.6336805555555556
710,0.8843220737245348,0.8576388888888888,0.6284722222222222
711,0.8776016566488478,0.8741319444444444,0.6163194444444444
712,0.8854699532190958,0.8585069444444444,0.6167534722222222
713,0.894061889913347,0.8463541666666666,0.6223958333333334
714,0.901503496699863,0.84375,0.6236979166666666
715,0.8918670217196146,0.8511284722222222,0.6197916666666666
716,0.8966503143310547,0.84765625,0.625
717,0.8916261262363858,0.8541666666666666,0.61328125
718,0.8921381168895297,0.8511284722222222,0.6163194444444444
719,0.8992266919877794,0.8459201388888888,0.625
720,0.8911660975880094,0.8563368055555556,0.6189236111111112
721,0.8875410821702745,0.8576388888888888,0.5950520833333334
722,0.8868948022524515,0.8567708333333334,0.6228298611111112
723,0.883282396528456,0.8589409722222222,0.6267361111111112
724,0.8981861339675056,0.8420138888888888,0.6293402777777778
725,0.8910447955131531,0.8550347222222222,0.6267361111111112
726,0.8914842406908671,0.8515625,0.625
727,0.8889675603972541,0.8585069444444444,0.62890625
728,0.8864957624011569,0.8589409722222222,0.6293402777777778
729,0.8892383972803751,0.8567708333333334,0.6245659722222222
730,0.8884325093693204,0.8576388888888888,0.6145833333333334
731,0.8891091545422872,0.8563368055555556,0.6241319444444444
732,0.8906130393346151,0.8567708333333334,0.6202256944444444
733,0.8853079809082879,0.8602430555555556,0.6328125
734,0.8875983622339036,0.8580729166666666,0.6193576388888888
735,0.8831115166346232,0.8637152777777778,0.6189236111111112
736,0.8933145536316766,0.8528645833333334,0.6271701388888888
737,0.8988429639074538,0.84375,0.6284722222222222
738,0.880016651418474,0.8650173611111112,0.6380208333333334
739,0.8876486553086175,0.8559027777777778,0.6315104166666666
740,0.8920271595319113,0.8489583333333334,0.6293402777777778
741,0.8822681771384345,0.8663194444444444,0.6232638888888888
742,0.8892955250210233,0.8598090277777778,0.6323784722222222
743,0.8856316672431098,0.8606770833333334,0.6241319444444444
744,0.8787326415379842,0.8676215277777778,0.62890625
745,0.8940501610438029,0.8506944444444444,0.6245659722222222
746,0.8912674122386508,0.8519965277777778,0.6223958333333334
747,0.8867863284216987,0.8563368055555556,0.6080729166666666
748,0.8928970363405015,0.8502604166666666,0.6315104166666666
749,0.8843056758244833,0.8572048611111112,0.6171875
750,0.896450956662496,0.8489583333333334,0.6215277777777778
751,0.8863848712709215,0.8606770833333334,0.6163194444444444
752,0.8976173334651523,0.8485243055555556,0.6276041666666666
753,0.8960957394705878,0.8519965277777778,0.6271701388888888
754,0.8888457616170248,0.8506944444444444,0.6115451388888888
755,0.89568030834198,0.8498263888888888,0.6263020833333334
756,0.8907018568780687,0.8580729166666666,0.6267361111111112
757,0.8854924109246995,0.8585069444444444,0.6206597222222222
758,0.8892463975482516,0.8528645833333334,0.6236979166666666
759,0.8942244648933411,0.8502604166666666,0.6154513888888888
760,0.8855715923839145,0.8572048611111112,0.6280381944444444
761,0.896016346083747,0.8467881944444444,0.6241319444444444
762,0.8954386777347989,0.84375,0.6297743055555556
763,0.8870120180977715,0.8615451388888888,0.6319444444444444
764,0.8855581747161018,0.8589409722222222,0.6306423611111112
765,0.8891559508111742,0.8528645833333334,0.6189236111111112
766,0.8891559640566508,0.8559027777777778,0.6193576388888888
767,0.8851499358812968,0.8602430555555556,0.6154513888888888
768,0.888401574558682,0.8576388888888888,0.6241319444444444
769,0.8856726355022855,0.8572048611111112,0.6228298611111112
770,0.893312672773997,0.8489583333333334,0.6163194444444444
771,0.8902467290560404,0.8537326388888888,0.6241319444444444
772,0.8901384406619601,0.8580729166666666,0.6154513888888888
773,0.9002356463008456,0.8407118055555556,0.6137152777777778
774,0.8891830775472853,0.8559027777777778,0.6202256944444444
775,0.8903904557228088,0.8550347222222222,0.6171875
776,0.8944213589032491,0.8467881944444444,0.6163194444444444
777,0.9027879171901279,0.8376736111111112,0.6215277777777778
778,0.8911558522118462,0.8541666666666666,0.6215277777777778
779,0.887507074409061,0.8559027777777778,0.6219618055555556
780,0.8903185327847799,0.8546006944444444,0.6245659722222222
781,0.893692135810852,0.8550347222222222,0.6341145833333334
782,0.8828211824099222,0.8654513888888888,0.6263020833333334
783,0.8895857400364346,0.8541666666666666,0.6180555555555556
784,0.8924345241652595,0.8493923611111112,0.6271701388888888
785,0.8893856936030917,0.8567708333333334,0.6241319444444444
786,0.886596851878696,0.859375,0.6171875
787,0.8858246008555094,0.8628472222222222,0.625
788,0.8822807338502672,0.8663194444444444,0.6236979166666666
789,0.8881353272332085,0.8598090277777778,0.6180555555555556
790,0.8876604636510214,0.8580729166666666,0.6206597222222222
791,0.8886034753587511,0.8598090277777778,0.6241319444444444
792,0.8900033765368991,0.85546875,0.6293402777777778
793,0.8843556841214498,0.8589409722222222,0.625
794,0.8836373355653551,0.8606770833333334,0.6276041666666666
795,0.8885816004541185,0.8576388888888888,0.6137152777777778
796,0.8900634249051412,0.8537326388888888,0.5894097222222222
797,0.8996298246913486,0.8433159722222222,0.6206597222222222
798,0.8875464995702108,0.8585069444444444,0.6167534722222222
799,0.8988318774435256,0.8420138888888888,0.6193576388888888
800,0.8945555885632833,0.8485243055555556,0.6102430555555556
801,0.8914321727222867,0.8511284722222222,0.6232638888888888
802,0.890330261654324,0.8524305555555556,0.6167534722222222
803,0.887893968158298,0.8541666666666666,0.6171875
804,0.8875586787859598,0.8580729166666666,0.6158854166666666
805,0.8806803756290011,0.8645833333333334,0.6310763888888888
806,0.8881484601232741,0.8576388888888888,0.6258680555555556
807,0.8920863403214349,0.8498263888888888,0.6219618055555556
808,0.8900841673215231,0.8532986111111112,0.6197916666666666
809,0.8850771519872878,0.8602430555555556,0.6193576388888888
810,0.896328522099389,0.8433159722222222,0.6271701388888888
811,0.8974571029345194,0.84765625,0.6297743055555556
812,0.8836714294221666,0.8611111111111112,0.6271701388888888
813,0.8894688950644599,0.8528645833333334,0.625
814,0.8899260229534574,0.8563368055555556,0.6154513888888888
815,0.8869498239623176,0.8559027777777778,0.6193576388888888
816,0.8812588453292847,0.8645833333333334,0.6302083333333334
817,0.8869195779164633,0.8541666666666666,0.6215277777777778
818,0.8972108629014757,0.8480902777777778,0.6302083333333334
819,0.8871396846241422,0.8576388888888888,0.6128472222222222
820,0.8813601401117113,0.8654513888888888,0.6236979166666666
821,0.8899906608793471,0.8550347222222222,0.6241319444444444
822,0.8859500818782382,0.8602430555555556,0.6241319444444444
823,0.8917870057953728,0.8515625,0.6258680555555556
824,0.8854898677931892,0.8611111111111112,0.6223958333333334
825,0.8854093684090508,0.859375,0.6137152777777778
826,0.897175755765703,0.8463541666666666,0.6102430555555556
827,0.8987576961517334,0.8446180555555556,0.6158854166666666
828,0.8945307466718886,0.8515625,0.6167534722222222
829,0.883882482846578,0.8628472222222222,0.6180555555555556
830,0.8955654435687594,0.8454861111111112,0.6184895833333334
831,0.8882255024380155,0.8580729166666666,0.6258680555555556
832,0.8867595460679796,0.8580729166666666,0.6254340277777778
833,0.894458101855384,0.8511284722222222,0.6354166666666666
834,0.891721228758494,0.8489583333333334,0.6245659722222222
835,0.8861807915899489,0.8598090277777778,0.62109375
836,0.8864737616644965,0.8567708333333334,0.6254340277777778
837,0.8774214718076918,0.8689236111111112,0.6306423611111112
838,0.8871448304918077,0.859375,0.6219618055555556
839,0.8866732915242513,0.8580729166666666,0.6319444444444444
840,0.8846449322170682,0.8628472222222222,0.6271701388888888
841,0.9012617005242242,0.8420138888888888,0.62890625
842,0.8864949610498216,0.8589409722222222,0.6267361111111112
843,0.8909311162100898,0.8532986111111112,0.6236979166666666
844,0.8888073563575745,0.8541666666666666,0.6276041666666666
845,0.888419595029619,0.8537326388888888,0.6128472222222222
846,0.8915497859319051,0.8519965277777778,0.6358506944444444
847,0.8918537033928765,0.8489583333333334,0.6319444444444444
848,0.8836858868598938,0.8585069444444444,0.6236979166666666
849,0.879042817486657,0.8663194444444444,0.6302083333333334
850,0.8880320456292894,0.859375,0.6276041666666666
851,0.8979825311236911,0.8467881944444444,0.6423611111111112
852,0.8809923397170173,0.8645833333333334,0.6258680555555556
853,0.8947225676642524,0.8506944444444444,0.6315104166666666
854,0.8828259838951958,0.8663194444444444,0.6323784722222222
855,0.8791805571979947,0.8680555555555556,0.6197916666666666
856,0.8912082976765103,0.8528645833333334,0.6193576388888888
857,0.8908870551321242,0.8524305555555556,0.6254340277777778
858,0.8930533594555325,0.8511284722222222,0.6258680555555556
859,0.8912969364060296,0.8506944444444444,0.6267361111111112
860,0.8892236219512092,0.8576388888888888,0.6206597222222222
861,0.8836901452806261,0.8619791666666666,0.6223958333333334
862,0.8954590823915269,0.8441840277777778,0.6276041666666666
863,0.8953622513347201,0.8519965277777778,0.6271701388888888
864,0.8773258593347337,0.8658854166666666,0.6263020833333334
865,0.8824418120914035,0.8615451388888888,0.6236979166666666
866,0.8833780222468905,0.8615451388888888,0.6236979166666666
867,0.8851838310559591,0.8580729166666666,0.63671875
868,0.8871551288498772,0.8572048611111112,0.6297743055555556
869,0.8813479476504855,0.8619791666666666,0.6297743055555556
870,0.8888493047820197,0.8585069444444444,0.6276041666666666
871,0.88461348745558,0.8606770833333334,0.6336805555555556
872,0.8863610823949178,0.8567708333333334,0.6336805555555556
873,0.8893682426876492,0.8524305555555556,0.6189236111111112
874,0.8851661350991991,0.8598090277777778,0.6297743055555556
875,0.8896523316701254,0.8550347222222222,0.6280381944444444
876,0.8866204354498122,0.8559027777777778,0.6197916666666666
877,0.8902816640006171,0.85546875,0.6254340277777778
878,0.8916552397939894,0.8576388888888888,0.6163194444444444
879,0.8804031544261508,0.8615451388888888,0.62109375
880,0.8878030114703708,0.85546875,0.6306423611111112
881,0.8864453567398919,0.8598090277777778,0.6193576388888888
882,0.8813314504093595,0.8641493055555556,0.6167534722222222
883,0.8763249847624037,0.8697916666666666,0.6219618055555556
884,0.8850082092814975,0.86328125,0.6271701388888888
885,0.8939579990175035,0.84765625,0.6284722222222222
886,0.8769740793440077,0.8697916666666666,0.6241319444444444
887,0.8880827758047316,0.8576388888888888,0.6354166666666666
888,0.8906651006804572,0.8502604166666666,0.6085069444444444
889,0.8908528884251913,0.8528645833333334,0.6271701388888888
890,0.8803869684537252,0.8680555555555556,0.6293402777777778
891,0.8876627286275228,0.859375,0.640625
892,0.8797007534239027,0.8654513888888888,0.6189236111111112
893,0.8867646257082621,0.85546875,0.6236979166666666
894,0.8811694582303365,0.86328125,0.6206597222222222
895,0.8873136043548584,0.8611111111111112,0.6263020833333334
896,0.8919520378112793,0.8519965277777778,0.6219618055555556
897,0.8883213864432441,0.8546006944444444,0.6184895833333334
898,0.8843383060561286,0.859375,0.6310763888888888
899,0.8906702200571696,0.8559027777777778,0.63671875
900,0.8791270057360331,0.8702256944444444,0.6375868055555556
901,0.8805070122083029,0.8654513888888888,0.6267361111111112
902,0.8852590984768338,0.8572048611111112,0.6258680555555556
903,0.8791445559925504,0.8628472222222222,0.6215277777777778
904,0.8862012227376302,0.8580729166666666,0.6323784722222222
905,0.8899164133601718,0.8506944444444444,0.6319444444444444
906,0.884053627649943,0.8663194444444444,0.6306423611111112
907,0.8924534850650363,0.8450520833333334,0.6106770833333334
908,0.8953303297360738,0.8480902777777778,0.6241319444444444
909,0.8861885534392463,0.8567708333333334,0.6241319444444444
910,0.8809403048621284,0.8658854166666666,0.6128472222222222
911,0.8847738239500258,0.8606770833333334,0.6189236111111112
912,0.8915867408116659,0.8519965277777778,0.6319444444444444
913,0.8859978119532267,0.8611111111111112,0.6332465277777778
914,0.8797909683651395,0.8637152777777778,0.6302083333333334
915,0.8833474649323357,0.8615451388888888,0.6293402777777778
916,0.8882993194792006,0.8532986111111112,0.6232638888888888
917,0.8695220152537028,0.875,0.6280381944444444
918,0.8804095784823099,0.8663194444444444,0.6358506944444444
919,0.8805788358052572,0.8641493055555556,0.6319444444444444
920,0.885285218556722,0.8559027777777778,0.6345486111111112
921,0.8809195756912231,0.8628472222222222,0.625
922,0.8859700626797147,0.8585069444444444,0.6354166666666666
923,0.8866452773412069,0.8580729166666666,0.6219618055555556
924,0.8791544040044149,0.8641493055555556,0.625
925,0.8868713511361016,0.8585069444444444,0.6128472222222222
926,0.8889646728833517,0.8576388888888888,0.6380208333333334
927,0.8894350197580125,0.8572048611111112,0.6297743055555556
928,0.8955146140522428,0.8441840277777778,0.6258680555555556
929,0.8755156464046903,0.8732638888888888,0.6236979166666666
930,0.8856069776746962,0.8602430555555556,0.6241319444444444
931,0.8896836770905389,0.8524305555555556,0.6302083333333334
932,0.8877439432673984,0.8567708333333334,0.6106770833333334
933,0.8810218440161811,0.8650173611111112,0.6137152777777778
934,0.8910759687423706,0.8485243055555556,0.6085069444444444
935,0.8857675260967679,0.8550347222222222,0.6276041666666666
936,0.8846761915418837,0.859375,0.6332465277777778
937,0.8779787752363417,0.8658854166666666,0.6254340277777778
938,0.9077910979588827,0.8359375,0.6171875
939,0.8908004032240974,0.8528645833333334,0.6197916666666666
940,0.8923680318726434,0.8515625,0.61328125
941,0.8857266306877136,0.8589409722222222,0.6219618055555556
942,0.8820559316211276,0.86328125,0.6319444444444444
943,0.872978945573171,0.8754340277777778,0.6193576388888888
944,0.8880011704232957,0.8559027777777778,0.6223958333333334
945,0.8904705974790785,0.8519965277777778,0.6215277777777778
946,0.8904574712117513,0.8559027777777778,0.62109375
947,0.8965292506747775,0.8480902777777778,0.6115451388888888
948,0.8924317558606466,0.8511284722222222,0.6267361111111112
949,0.8852045072449578,0.8606770833333334,0.6236979166666666
950,0.8765974971983168,0.8680555555555556,0.6258680555555556
951,0.8883455528153313,0.8585069444444444,0.6254340277777778
952,0.8893771105342441,0.8524305555555556,0.6341145833333334
953,0.8845652871661716,0.8624131944444444,0.6263020833333334
954,0.8810838527149625,0.8663194444444444,0.6336805555555556
955,0.8772458169195387,0.8680555555555556,0.62890625
956,0.8857224318716261,0.8606770833333334,0.6280381944444444
957,0.8744400077395968,0.8719618055555556,0.6193576388888888
958,0.8904344439506531,0.8537326388888888,0.6254340277777778
959,0.8828375670644972,0.8615451388888888,0.625
960,0.8885863555802239,0.8572048611111112,0.6219618055555556
961,0.8830938935279846,0.8628472222222222,0.6215277777777778
962,0.8851323326428732,0.8602430555555556,0.6028645833333334
963,0.8831235236591763,0.859375,0.6263020833333334
964,0.8881863951683044,0.8602430555555556,0.6197916666666666
965,0.8780869709120857,0.8684895833333334,0.6323784722222222
966,0.8852481974495782,0.8602430555555556,0.6167534722222222
967,0.8888508147663541,0.8546006944444444,0.6267361111111112
968,0.880816313955519,0.8671875,0.6280381944444444
969,0.8820252087381151,0.8615451388888888,0.6241319444444444
970,0.8785836034350925,0.8667534722222222,0.6271701388888888
971,0.8800721433427598,0.8676215277777778,0.6302083333333334
972,0.8833219011624655,0.8602430555555556,0.6184895833333334
973,0.8763608203993903,0.8697916666666666,0.6323784722222222
974,0.8810105919837952,0.8650173611111112,0.6141493055555556
975,0.8794111675686307,0.8689236111111112,0.609375
976,0.8783967693646749,0.8702256944444444,0.6206597222222222
977,0.8826005789968703,0.86328125,0.6310763888888888
978,0.8798993428548177,0.8693576388888888,0.6306423611111112
979,0.8783400124973721,0.8645833333333334,0.6102430555555556
980,0.8830800453821818,0.8624131944444444,0.6254340277777778
981,0.8851674728923373,0.8585069444444444,0.6393229166666666
982,0.875836988290151,0.87109375,0.6293402777777778
983,0.8805647492408752,0.8619791666666666,0.6323784722222222
984,0.8820543355411954,0.8645833333333334,0.6271701388888888
985,0.8875525991121928,0.85546875,0.6263020833333334
986,0.8803134229448106,0.8654513888888888,0.6228298611111112
987,0.8817413250605265,0.8567708333333334,0.6163194444444444
988,0.8808019624816047,0.8641493055555556,0.6219618055555556
989,0.8872300916247897,0.8563368055555556,0.6150173611111112
990,0.8860325548383925,0.8580729166666666,0.640625
991,0.8797483046849569,0.8680555555555556,0.6258680555555556
992,0.8759517868359884,0.8671875,0.6336805555555556
993,0.8886927167574564,0.8524305555555556,0.6302083333333334
994,0.8843907117843628,0.8606770833333334,0.6223958333333334
995,0.8853998846477933,0.8576388888888888,0.6206597222222222
996,0.8894244564904107,0.8559027777777778,0.6223958333333334
997,0.883568180931939,0.8628472222222222,0.6197916666666666
998,0.8794457978672452,0.8650173611111112,0.6241319444444444
999,0.8906376626756456,0.8563368055555556,0.6323784722222222
1000,0.8776346974902682,0.8658854166666666,0.6393229166666666
1001,0.8877029021581014,0.8598090277777778,0.6258680555555556
1002,0.8811919689178467,0.8611111111111112,0.6310763888888888
1003,0.8700131707721286,0.8732638888888888,0.6302083333333334
1004,0.8774980240397983,0.87109375,0.6263020833333334
1005,0.8815655906995138,0.8658854166666666,0.6228298611111112
1006,0.8746516108512878,0.8684895833333334,0.6276041666666666
1007,0.8804899586571587,0.8645833333333334,0.6362847222222222
1008,0.8795741928948296,0.8641493055555556,0.6258680555555556
1009,0.8834785355461968,0.8654513888888888,0.6284722222222222
1010,0.8757230308320787,0.8676215277777778,0.6241319444444444
1011,0.8799179130130343,0.8611111111111112,0.6102430555555556
1012,0.8804532885551453,0.8619791666666666,0.6197916666666666
1013,0.8744689424832662,0.8719618055555556,0.6267361111111112
1014,0.8766756123966641,0.8689236111111112,0.6302083333333334
1015,0.8882696562343173,0.8559027777777778,0.6184895833333334
1016,0.8908979958958096,0.8524305555555556,0.6228298611111112
1017,0.882722987069024,0.8628472222222222,0.6310763888888888
1018,0.8795081509484185,0.8658854166666666,0.6310763888888888
1019,0.882887065410614,0.8615451388888888,0.63671875
1020,0.8761847681469388,0.8680555555555556,0.6271701388888888
1021,0.8718733456399705,0.8763020833333334,0.6228298611111112
1022,0.8822341362635294,0.8650173611111112,0.6336805555555556
1023,0.8838253617286682,0.8598090277777778,0.6306423611111112
1024,0.8773939741982354,0.8702256944444444,0.6263020833333334
1025,0.8786411815219455,0.8676215277777778,0.6271701388888888
1026,0.8865136106808981,0.8585069444444444,0.6293402777777778
1027,0.882977995607588,0.8619791666666666,0.6380208333333334
1028,0.8800885015063815,0.8676215277777778,0.6419270833333334
1029,0.8716622193654379,0.87109375,0.6328125
1030,0.8834118644396464,0.8606770833333334,0.6293402777777778
1031,0.878299163447486,0.8658854166666666,0.6345486111111112
1032,0.8760411275757684,0.8663194444444444,0.6263020833333334
1033,0.8752101726002164,0.8680555555555556,0.6358506944444444
1034,0.8816613753636678,0.8585069444444444,0.6362847222222222
1035,0.8745837675200568,0.8702256944444444,0.6271701388888888
1036,0.8754500084453158,0.8728298611111112,0.6328125
1037,0.8813284436861674,0.8637152777777778,0.6310763888888888
1038,0.874372680981954,0.8697916666666666,0.6171875
1039,0.8831994864675734,0.8606770833333334,0.6319444444444444
1040,0.8833243449529012,0.8567708333333334,0.6228298611111112
1041,0.8862900998857286,0.8585069444444444,0.6228298611111112
1042,0.8843467897839017,0.8589409722222222,0.6349826388888888
1043,0.885473006301456,0.8624131944444444,0.6349826388888888
1044,0.8825883004400465,0.8624131944444444,0.6328125
1045,0.881436632739173,0.8624131944444444,0.6349826388888888
1046,0.8877706262800429,0.8550347222222222,0.6328125
1047,0.8915918601883782,0.8524305555555556,0.6241319444444444
1048,0.8723335067431132,0.8767361111111112,0.63671875
1049,0.8850139909320407,0.8619791666666666,0.6319444444444444
1050,0.876118110285865,0.8667534722222222,0.6345486111111112
1051,0.8782739970419142,0.8650173611111112,0.6315104166666666
1052,0.8796620302730136,0.8654513888888888,0.6315104166666666
1053,0.8766845862070719,0.8697916666666666,0.6341145833333334
1054,0.8721660574277242,0.8706597222222222,0.6258680555555556
1055,0.8758011129167345,0.8689236111111112,0.6371527777777778
1056,0.8787197603119744,0.8676215277777778,0.6276041666666666
1057,0.8858685361014472,0.8546006944444444,0.6236979166666666
1058,0.8842383888032701,0.8559027777777778,0.6171875
1059,0.8898470136854384,0.8567708333333334,0.6163194444444444
1060,0.8963818616337247,0.8450520833333334,0.6167534722222222
1061,0.8947711785634359,0.8580729166666666,0.6271701388888888
1062,0.8868578606181674,0.8559027777777778,0.62109375
1063,0.8856065604421828,0.8576388888888888,0.6236979166666666
1064,0.8861382736100091,0.85546875,0.6388888888888888
1065,0.8794218632909987,0.8650173611111112,0.6271701388888888
1066,0.8799319399727715,0.8693576388888888,0.6236979166666666
1067,0.885342624452379,0.8602430555555556,0.6236979166666666
1068,0.8754684527715048,0.8745659722222222,0.6341145833333334
1069,0.88645910554462,0.8589409722222222,0.6302083333333334
1070,0.888693544599745,0.8502604166666666,0.6228298611111112
1071,0.8824432094891866,0.8654513888888888,0.6384548611111112
1072,0.8747632371054755,0.8706597222222222,0.6302083333333334
1073,0.8867464926507738,0.8567708333333334,0.6371527777777778
1074,0.8785176144705878,0.8663194444444444,0.625
1075,0.8810382088025411,0.86328125,0.6302083333333334
1076,0.8767117725478278,0.8671875,0.6232638888888888
1077,0.8841024703449674,0.8615451388888888,0.6310763888888888
1078,0.872650040520562,0.8719618055555556,0.6245659722222222
1079,0.8862993518511454,0.8546006944444444,0.6310763888888888
1080,0.8755037585894266,0.8693576388888888,0.6341145833333334
1081,0.8836803370051913,0.8650173611111112,0.6323784722222222
1082,0.8870095345709059,0.8563368055555556,0.62890625
1083,0.8805223107337952,0.8680555555555556,0.6223958333333334
1084,0.8815151254336039,0.8615451388888888,0.6306423611111112
1085,0.8856837948163351,0.8563368055555556,0.6306423611111112
1086,0.8823238213857015,0.86328125,0.6319444444444444
1087,0.8757619261741638,0.8684895833333334,0.6319444444444444
1088,0.8796286318037245,0.8628472222222222,0.6375868055555556
1089,0.875617590215471,0.8641493055555556,0.6202256944444444
1090,0.8668057256274753,0.8776041666666666,0.6302083333333334
1091,0.8762084444363912,0.8684895833333334,0.6154513888888888
1092,0.8800622688399421,0.8641493055555556,0.62890625
1093,0.878114640712738,0.8663194444444444,0.625
1094,0.8846553630299039,0.8572048611111112,0.6219618055555556
1095,0.870175838470459,0.8758680555555556,0.6276041666666666
1096,0.8780752817789713,0.8667534722222222,0.6276041666666666
1097,0.8847944604025947,0.8602430555555556,0.6271701388888888
1098,0.8852489855554369,0.8589409722222222,0.6145833333333334
1099,0.8693796065118577,0.8780381944444444,0.6319444444444444
1100,0.884096728430854,0.8628472222222222,0.6206597222222222
1101,0.880674786037869,0.8676215277777778,0.6380208333333334
1102,0.8799686034520467,0.8684895833333334,0.6302083333333334
1103,0.8872476021448771,0.8567708333333334,0.6297743055555556
1104,0.8865825533866882,0.8567708333333334,0.6263020833333334
1105,0.872939321729872,0.8732638888888888,0.6354166666666666
1106,0.8821523321999444,0.859375,0.6128472222222222
1107,0.8873454994625516,0.8585069444444444,0.62890625
1108,0.8817713393105401,0.86328125,0.6215277777777778
1109,0.8941144479645623,0.8524305555555556,0.6267361111111112
1110,0.8818216588762071,0.8602430555555556,0.6236979166666666
1111,0.8842006391949124,0.8611111111111112,0.6271701388888888
1112,0.8717541297276815,0.8684895833333334,0.6302083333333334
1113,0.8805955052375793,0.8650173611111112,0.6306423611111112
1114,0.8839621345202128,0.8585069444444444,0.625
1115,0.8773281375567118,0.8658854166666666,0.6362847222222222
1116,0.8769452042049832,0.8645833333333334,0.6267361111111112
1117,0.8803196946779887,0.8645833333333334,0.6276041666666666
1118,0.8867781162261963,0.8528645833333334,0.6341145833333334
1119,0.877725813123915,0.8663194444444444,0.62890625
1120,0.8784533010588752,0.8637152777777778,0.6332465277777778
1121,0.8732357422510783,0.8728298611111112,0.62109375
1122,0.8797631793551974,0.86328125,0.6341145833333334
1123,0.8789032035403781,0.8667534722222222,0.6280381944444444
1124,0.8738685978783501,0.8736979166666666,0.6236979166666666
1125,0.883488330576155,0.8615451388888888,0.6328125
1126,0.8773807419670953,0.8684895833333334,0.6232638888888888
1127,0.8853989839553833,0.859375,0.6284722222222222
1128,0.8711560236083137,0.8763020833333334,0.6310763888888888
1129,0.8780393401781718,0.8637152777777778,0.6215277777777778
1130,0.8791699806849161,0.8628472222222222,0.6332465277777778
1131,0.8820400966538323,0.8628472222222222,0.6306423611111112
1132,0.8783032099405924,0.8637152777777778,0.6271701388888888
1133,0.8735331098238627,0.8723958333333334,0.6276041666666666
1134,0.882124125957489,0.8580729166666666,0.6254340277777778
1135,0.8775161504745483,0.8663194444444444,0.6254340277777778
1136,0.8721562955114577,0.8732638888888888,0.62890625
1137,0.8688622448179457,0.8784722222222222,0.6328125
1138,0.8778819574250115,0.8680555555555556,0.6384548611111112
1139,0.8896063632435269,0.8559027777777778,0.6167534722222222
1140,0.8726349406772189,0.8763020833333334,0.6271701388888888
1141,0.8770493335194058,0.8671875,0.6223958333333334
1142,0.8766257299317254,0.8697916666666666,0.6332465277777778
1143,0.8786600497033861,0.86328125,0.6276041666666666
1144,0.8793381055196127,0.8689236111111112,0.62890625
1145,0.8826892971992493,0.859375,0.6380208333333334
1146,0.8788354463047452,0.8658854166666666,0.62890625
1147,0.8842095401551988,0.8550347222222222,0.6267361111111112
1148,0.8771019313070509,0.8676215277777778,0.6241319444444444
1149,0.879649109310574,0.8650173611111112,0.6332465277777778
1150,0.8769162628385756,0.8663194444444444,0.6358506944444444
1151,0.8722075356377496,0.8745659722222222,0.6271701388888888
1152,0.8839538892110189,0.8532986111111112,0.6223958333333334
1153,0.8743887742360433,0.8684895833333334,0.6180555555555556
1154,0.8804412881533304,0.8654513888888888,0.6336805555555556
1155,0.8798626661300659,0.8667534722222222,0.6267361111111112
1156,0.8746319346957736,0.87109375,0.6263020833333334
1157,0.878261023097568,0.8602430555555556,0.6189236111111112
1158,0.8814880516793993,0.8658854166666666,0.6345486111111112
1159,0.8798705405659146,0.8637152777777778,0.6241319444444444
1160,0.884909967581431,0.8589409722222222,0.6154513888888888
1161,0.8830946683883667,0.8628472222222222,0.6180555555555556
1162,0.8883223732312521,0.8585069444444444,0.6328125
1163,0.8771874441040887,0.8693576388888888,0.6236979166666666
1164,0.8890788157780966,0.8506944444444444,0.6215277777777778
1165,0.8836555414729648,0.8589409722222222,0.6098090277777778
1166,0.8836889134513007,0.8637152777777778,0.6245659722222222
1167,0.8749701579411825,0.8684895833333334,0.6302083333333334
1168,0.8809066017468771,0.8658854166666666,0.6254340277777778
1169,0.8758509887589349,0.87109375,0.6267361111111112
1170,0.8659022781583998,0.8780381944444444,0.6223958333333334
1171,0.8801803986231486,0.8637152777777778,0.6371527777777778
1172,0.8776789704958597,0.8697916666666666,0.6332465277777778
1173,0.8821898036532931,0.8598090277777778,0.6176215277777778
1174,0.8863721754815843,0.85546875,0.6241319444444444
1175,0.880784829457601,0.8611111111111112,0.6336805555555556
1176,0.8807384437984891,0.8641493055555556,0.6215277777777778
1177,0.8790091011259291,0.8637152777777778,0.62890625
1178,0.8905954957008362,0.8532986111111112,0.6219618055555556
1179,0.8738902343644036,0.8667534722222222,0.6167534722222222
1180,0.8839514719115363,0.8598090277777778,0.6124131944444444
1181,0.8805757893456353,0.8611111111111112,0.6228298611111112
1182,0.8813149862819247,0.86328125,0.6163194444444444
1183,0.874837060769399,0.8667534722222222,0.6310763888888888
1184,0.8855992356936137,0.8559027777777778,0.6276041666666666
1185,0.8801832728915744,0.8641493055555556,0.6202256944444444
1186,0.879421247376336,0.8658854166666666,0.6276041666666666
1187,0.8783013158374362,0.8680555555555556,0.6380208333333334
1188,0.8762861159112718,0.8702256944444444,0.6341145833333334
1189,0.8758107225100199,0.8667534722222222,0.6280381944444444
1190,0.8817926115459866,0.8606770833333334,0.6236979166666666
1191,0.8824787471029494,0.8624131944444444,0.6284722222222222
1192,0.8745704624387953,0.8697916666666666,0.6302083333333334
1193,0.8737099236912198,0.8689236111111112,0.6280381944444444
1194,0.8866281509399414,0.8550347222222222,0.6197916666666666
1195,0.87717823849784,0.8650173611111112,0.6319444444444444
1196,0.8772700097825792,0.8667534722222222,0.6276041666666666
1197,0.8858134349187216,0.8567708333333334,0.6141493055555556
1198,0.8862887157334222,0.8532986111111112,0.6193576388888888
1199,0.8787107202741835,0.8663194444444444,0.6197916666666666
1200,0.8860741456349691,0.8563368055555556,0.6167534722222222
1201,0.8802845279375712,0.8602430555555556,0.6184895833333334
1202,0.879764629734887,0.8650173611111112,0.6232638888888888
1203,0.8757437533802457,0.8702256944444444,0.6180555555555556
1204,0.8811209135585361,0.8637152777777778,0.625
1205,0.8685941497484843,0.875,0.6336805555555556
1206,0.8825355105929904,0.8606770833333334,0.6276041666666666
1207,0.8791904979281955,0.8654513888888888,0.6328125
1208,0.8822325468063354,0.8611111111111112,0.6302083333333334
1209,0.8766969773504469,0.8697916666666666,0.6197916666666666
1210,0.875087234708998,0.8697916666666666,0.6380208333333334
1211,0.8744097815619575,0.8689236111111112,0.6310763888888888
1212,0.8825669752226936,0.8650173611111112,0.62890625
1213,0.8806007636917962,0.8663194444444444,0.6315104166666666
1214,0.8787295089827644,0.8650173611111112,0.6280381944444444
1215,0.8853965401649475,0.8576388888888888,0.6328125
1216,0.879932529396481,0.8615451388888888,0.6167534722222222
1217,0.8846304880248176,0.8628472222222222,0.6141493055555556
1218,0.8794344862302145,0.8628472222222222,0.6232638888888888
1219,0.8736739224857755,0.8697916666666666,0.6284722222222222
1220,0.8730818761719598,0.8736979166666666,0.6228298611111112
1221,0.8695632484224107,0.8767361111111112,0.6306423611111112
1222,0.8798519041803148,0.8645833333333334,0.6150173611111112
1223,0.8876183496581184,0.8528645833333334,0.6349826388888888
1224,0.8848808474010892,0.859375,0.625
1225,0.8828873038291931,0.859375,0.61328125
1226,0.8806124925613403,0.8615451388888888,0.6141493055555556
1227,0.878906163904402,0.8645833333333334,0.6236979166666666
1228,0.8801767230033875,0.8619791666666666,0.625
1229,0.8788349827130636,0.8667534722222222,0.6245659722222222
1230,0.8705277840296427,0.8732638888888888,0.6267361111111112
1231,0.8745861053466797,0.8736979166666666,0.6245659722222222
1232,0.8726496431562636,0.8732638888888888,0.6236979166666666
1233,0.8775446481174893,0.8693576388888888,0.6245659722222222
1234,0.879628512594435,0.8615451388888888,0.6245659722222222
1235,0.8719053930706449,0.8715277777777778,0.6263020833333334
1236,0.8776805334621005,0.8689236111111112,0.6206597222222222
1237,0.8722152709960938,0.8697916666666666,0.6263020833333334
1238,0.8818616204791598,0.8645833333333334,0.6319444444444444
1239,0.8791263302167257,0.8619791666666666,0.6263020833333334
1240,0.8782691558202108,0.8650173611111112,0.62890625
1241,0.8731221954027811,0.875,0.6158854166666666
1242,0.8817740082740784,0.8606770833333334,0.6302083333333334
1243,0.8814533286624484,0.8585069444444444,0.6254340277777778
1244,0.8771064480145773,0.8671875,0.6263020833333334
1245,0.8857060935762193,0.8567708333333334,0.6263020833333334
1246,0.8865765200720893,0.8572048611111112,0.6384548611111112
1247,0.8830015593104892,0.86328125,0.6232638888888888
1248,0.8736541469891866,0.8676215277777778,0.6306423611111112
1249,0.8737081819110446,0.8702256944444444,0.6271701388888888
1250,0.8825124899546305,0.8602430555555556,0.6341145833333334
1251,0.882810480064816,0.8615451388888888,0.6236979166666666
1252,0.8775008718172709,0.8697916666666666,0.6180555555555556
1253,0.8859551615185208,0.8580729166666666,0.6410590277777778
1254,0.887827475865682,0.8524305555555556,0.6310763888888888
1255,0.881141463915507,0.86328125,0.6319444444444444
1256,0.8816827336947123,0.859375,0.6184895833333334
1257,0.8800998396343656,0.8641493055555556,0.62890625
1258,0.8846195273929172,0.8580729166666666,0.6189236111111112
1259,0.8800735804769728,0.8654513888888888,0.6306423611111112
1260,0.8718974192937216,0.8719618055555556,0.6215277777777778
1261,0.8736369146241082,0.8719618055555556,0.6323784722222222
1262,0.8687844408882989,0.8758680555555556,0.6306423611111112
1263,0.8738891283671061,0.8728298611111112,0.6236979166666666
1264,0.8763915697733561,0.8671875,0.6276041666666666
1265,0.8780235979292128,0.8676215277777778,0.6393229166666666
1266,0.8749025132921007,0.8702256944444444,0.62890625
1267,0.8865461746851603,0.8598090277777778,0.6332465277777778
1268,0.8730900751219856,0.8723958333333334,0.6371527777777778
1269,0.8698285818099976,0.8763020833333334,0.6167534722222222
1270,0.8829708761639066,0.86328125,0.6158854166666666
1271,0.8731318314870199,0.8719618055555556,0.6323784722222222
1272,0.8699266049596999,0.8728298611111112,0.6302083333333334
1273,0.8735481169488695,0.8697916666666666,0.6280381944444444
1274,0.8822082877159119,0.859375,0.6280381944444444
1275,0.8785519533687167,0.8654513888888888,0.6362847222222222
1276,0.881550927956899,0.86328125,0.6362847222222222
1277,0.8838206595844693,0.8602430555555556,0.6189236111111112
1278,0.885455502404107,0.8576388888888888,0.6223958333333334
1279,0.8812740246454874,0.8615451388888888,0.6263020833333334
1280,0.8858214616775513,0.8580729166666666,0.6323784722222222
1281,0.8731789787610372,0.8706597222222222,0.6414930555555556
1282,0.8717238903045654,0.8745659722222222,0.6371527777777778
1283,0.8798624210887485,0.8680555555555556,0.6189236111111112
1284,0.8716615769598219,0.8723958333333334,0.6206597222222222
1285,0.8800831900702583,0.8628472222222222,0.6284722222222222
1286,0.8850693504015604,0.859375,0.6284722222222222
1287,0.8791577816009521,0.8680555555555556,0.6375868055555556
1288,0.8824864957067702,0.8585069444444444,0.6354166666666666
1289,0.8700284759203593,0.8732638888888888,0.6302083333333334
1290,0.8762716982099745,0.8706597222222222,0.6341145833333334
1291,0.8760920299424065,0.8676215277777778,0.6297743055555556
1292,0.8759488066037496,0.8706597222222222,0.6271701388888888
1293,0.8817623853683472,0.8611111111111112,0.6193576388888888
1294,0.8779696424802145,0.8671875,0.6354166666666666
1295,0.8773510853449503,0.8658854166666666,0.62890625
1296,0.8716968562867906,0.8784722222222222,0.625
1297,0.8740283052126566,0.8671875,0.6263020833333334
1298,0.8749857743581136,0.8697916666666666,0.625
1299,0.880742781692081,0.8680555555555556,0.6241319444444444
1300,0.8757930133077834,0.8671875,0.6167534722222222
1301,0.8823324375682406,0.8619791666666666,0.6236979166666666
1302,0.8723135987917582,0.8728298611111112,0.6258680555555556
1303,0.8766213787926568,0.8637152777777778,0.6197916666666666
1304,0.8807007869084676,0.8624131944444444,0.6293402777777778
1305,0.8736089070638021,0.8715277777777778,0.6228298611111112
1306,0.8627607822418213,0.8810763888888888,0.6241319444444444
1307,0.881384962134891,0.8619791666666666,0.6223958333333334
1308,0.8866905901167128,0.8541666666666666,0.6284722222222222
1309,0.8845967981550429,0.859375,0.6302083333333334
1310,0.8856096002790663,0.8572048611111112,0.6245659722222222
1311,0.8880646957291497,0.8559027777777778,0.6310763888888888
1312,0.8773448997073703,0.8654513888888888,0.6423611111111112
1313,0.8802322811550565,0.8619791666666666,0.6228298611111112
1314,0.8680141237046983,0.8763020833333334,0.6323784722222222
1315,0.8751140501764085,0.8723958333333334,0.6293402777777778
1316,0.8818061616685655,0.8645833333333334,0.6284722222222222
1317,0.8855065637164645,0.8563368055555556,0.6371527777777778
1318,0.8791499469015334,0.8671875,0.6358506944444444
1319,0.8804211417833964,0.8602430555555556,0.6223958333333334
1320,0.8744109339184232,0.8719618055555556,0.6371527777777778
1321,0.8683042128880819,0.87890625,0.6276041666666666
1322,0.8724320001072354,0.8728298611111112,0.6258680555555556
1323,0.872201767232683,0.8719618055555556,0.6336805555555556
1324,0.8686184419525994,0.8776041666666666,0.6393229166666666
1325,0.8698473771413168,0.8771701388888888,0.6341145833333334
1326,0.8718424174520705,0.8728298611111112,0.6241319444444444
1327,0.8851568102836609,0.8572048611111112,0.6232638888888888
1328,0.8835587302843729,0.8628472222222222,0.6336805555555556
1329,0.8798223601447211,0.8628472222222222,0.6280381944444444
1330,0.8744634323649936,0.8684895833333334,0.6171875
1331,0.8717803027894762,0.8706597222222222,0.6284722222222222
1332,0.8703775140974257,0.8732638888888888,0.6284722222222222
1333,0.8763809204101562,0.8667534722222222,0.6297743055555556
1334,0.8738815718226962,0.8702256944444444,0.6419270833333334
1335,0.8822265466054281,0.8641493055555556,0.6414930555555556
1336,0.8806732032034132,0.8598090277777778,0.6423611111111112
1337,0.8716159264246622,0.8745659722222222,0.6310763888888888
1338,0.8710114558537801,0.8745659722222222,0.6354166666666666
1339,0.8773976299497817,0.8663194444444444,0.6293402777777778
1340,0.8747051821814643,0.8706597222222222,0.6397569444444444
1341,0.8798114657402039,0.8606770833333334,0.6354166666666666
1342,0.8850721849335564,0.8606770833333334,0.62890625
1343,0.8796083993381925,0.8624131944444444,0.6345486111111112
1344,0.8753888938162062,0.8715277777777778,0.6228298611111112
1345,0.8795747425821092,0.8637152777777778,0.6280381944444444
1346,0.8744639092021518,0.8697916666666666,0.6319444444444444
1347,0.8768695791562399,0.8684895833333334,0.6276041666666666
1348,0.8780433469348483,0.8641493055555556,0.6241319444444444
1349,0.8748164706759982,0.8671875,0.6358506944444444
1350,0.8748986787266202,0.8689236111111112,0.6380208333333334
1351,0.8759719398286607,0.8680555555555556,0.6111111111111112
1352,0.8736340933375888,0.87109375,0.6362847222222222
1353,0.871985137462616,0.8736979166666666,0.6137152777777778
1354,0.8689061005910238,0.8745659722222222,0.6267361111111112
1355,0.8574217822816637,0.8880208333333334,0.6328125
1356,0.8761665953530205,0.8663194444444444,0.6271701388888888
1357,0.8684017525778877,0.8767361111111112,0.6306423611111112
1358,0.8745937678549025,0.8684895833333334,0.6215277777777778
1359,0.877951979637146,0.8650173611111112,0.6184895833333334
1360,0.8783656292491488,0.8654513888888888,0.6072048611111112
1361,0.8716025749842325,0.8741319444444444,0.6319444444444444
1362,0.8684099780188667,0.8776041666666666,0.6362847222222222
1363,0.8792082799805535,0.86328125,0.6180555555555556
1364,0.8846221764882406,0.8606770833333334,0.6315104166666666
1365,0.8792430758476257,0.8641493055555556,0.6323784722222222
1366,0.8677756985028585,0.8776041666666666,0.6358506944444444
1367,0.8720501595073276,0.8697916666666666,0.6254340277777778
1368,0.8744617303212484,0.8702256944444444,0.6371527777777778
1369,0.8680466148588393,0.8771701388888888,0.6271701388888888
1370,0.8724929955270555,0.87109375,0.6349826388888888
1371,0.8726759884092543,0.8723958333333334,0.6193576388888888
1372,0.8766840895016988,0.87109375,0.6315104166666666
1373,0.8832781712214152,0.859375,0.6306423611111112
1374,0.8731063273217943,0.87109375,0.6258680555555556
1375,0.8763611117998759,0.8689236111111112,0.6241319444444444
1376,0.8738985856374105,0.8693576388888888,0.6206597222222222
1377,0.8905575341648526,0.8480902777777778,0.62890625
1378,0.8830446203549703,0.8624131944444444,0.6219618055555556
1379,0.8726841476228502,0.8715277777777778,0.6202256944444444
1380,0.8758205506536696,0.8689236111111112,0.6310763888888888
1381,0.8695464200443692,0.8732638888888888,0.6336805555555556
1382,0.8698237207200792,0.8758680555555556,0.6267361111111112
1383,0.8729399045308431,0.87109375,0.6245659722222222
1384,0.8735392358567979,0.8715277777777778,0.6228298611111112
1385,0.8662342098024156,0.875,0.6258680555555556
1386,0.8763734764522977,0.8671875,0.6254340277777778
1387,0.8748401602109274,0.8697916666666666,0.625
1388,0.8828493687841628,0.8602430555555556,0.6267361111111112
1389,0.8745329512490166,0.8702256944444444,0.6336805555555556
1390,0.8782049020131429,0.8645833333333334,0.6280381944444444
1391,0.8629506362809075,0.8828125,0.6354166666666666
1392,0.8705378969510397,0.8754340277777778,0.6284722222222222
1393,0.8743038707309299,0.87109375,0.6302083333333334
1394,0.8730996383561028,0.8658854166666666,0.6254340277777778
1395,0.882394810517629,0.8619791666666666,0.6319444444444444
1396,0.869209885597229,0.8732638888888888,0.6315104166666666
1397,0.8716144296858046,0.87109375,0.6276041666666666
1398,0.8748494784037272,0.8671875,0.6267361111111112
1399,0.8685838911268446,0.87890625,0.6232638888888888
1400,0.8888200786378648,0.8563368055555556,0.6184895833333334
1401,0.8781434893608093,0.8641493055555556,0.6158854166666666
1402,0.8796438243654039,0.8637152777777778,0.6236979166666666
1403,0.8729134533140395,0.8719618055555556,0.6119791666666666
1404,0.8710994521776835,0.8732638888888888,0.6236979166666666
1405,0.8714635968208313,0.8715277777777778,0.6223958333333334
1406,0.8786032928360833,0.8615451388888888,0.625
1407,0.8727927936447991,0.87109375,0.62109375
1408,0.8789405955208672,0.8650173611111112,0.6232638888888888
1409,0.885948035452101,0.8524305555555556,0.6111111111111112
1410,0.8799295094278123,0.8645833333333334,0.6228298611111112
1411,0.8751909600363837,0.8697916666666666,0.6241319444444444
1412,0.876881394121382,0.8680555555555556,0.625
1413,0.8686816493670145,0.8780381944444444,0.6284722222222222
1414,0.8754879236221313,0.8706597222222222,0.6271701388888888
1415,0.8710899816619025,0.8767361111111112,0.6254340277777778
1416,0.8675856325361464,0.8771701388888888,0.6215277777777778
1417,0.8655252522892423,0.8832465277777778,0.6302083333333334
1418,0.8722925980885824,0.8715277777777778,0.6306423611111112
1419,0.8657099074787564,0.8793402777777778,0.6189236111111112
1420,0.867979003323449,0.8763020833333334,0.6241319444444444
1421,0.8732943799760606,0.8723958333333334,0.6328125
1422,0.8818935553232828,0.8637152777777778,0.6310763888888888
1423,0.874693771203359,0.8676215277777778,0.6284722222222222
1424,0.8783510790930854,0.8645833333333334,0.6232638888888888
1425,0.8734121984905667,0.8697916666666666,0.62109375
1426,0.8753073811531067,0.8667534722222222,0.6228298611111112
1427,0.8716437088118659,0.8715277777777778,0.6319444444444444
1428,0.8670223024156358,0.8802083333333334,0.6323784722222222
1429,0.8768525918324789,0.8671875,0.6319444444444444
1430,0.8726969361305237,0.8676215277777778,0.6315104166666666
1431,0.8701643215285407,0.8741319444444444,0.6384548611111112
1432,0.8748321202066209,0.8684895833333334,0.6280381944444444
1433,0.8750376171535916,0.8684895833333334,0.6219618055555556
1434,0.8743564420276217,0.8697916666666666,0.6223958333333334
1435,0.8607003092765808,0.8845486111111112,0.6302083333333334
1436,0.866445349322425,0.8810763888888888,0.62890625
1437,0.8701582484775119,0.8732638888888888,0.6223958333333334
1438,0.8769164615207248,0.8650173611111112,0.6388888888888888
1439,0.8735255466567146,0.8680555555555556,0.640625
1440,0.8671464655134413,0.8754340277777778,0.6336805555555556
1441,0.8862771325641208,0.8519965277777778,0.6271701388888888
1442,0.8768396642473009,0.8676215277777778,0.6271701388888888
1443,0.8656170831786262,0.8806423611111112,0.6297743055555556
1444,0.8751054273711311,0.8676215277777778,0.6254340277777778
1445,0.8759263952573141,0.8680555555555556,0.6276041666666666
1446,0.8655293583869934,0.8810763888888888,0.6258680555555556
1447,0.8735919064945645,0.8736979166666666,0.62890625
1448,0.863425095876058,0.8841145833333334,0.6362847222222222
1449,0.8686548603905572,0.8758680555555556,0.6323784722222222
1450,0.8832193348142836,0.8598090277777778,0.6315104166666666
1451,0.8693876465161642,0.8758680555555556,0.6254340277777778
1452,0.8689091867870755,0.8771701388888888,0.6302083333333334
1453,0.8730196886592441,0.8715277777777778,0.6297743055555556
1454,0.864808632267846,0.87890625,0.6310763888888888
1455,0.8782978852589926,0.8641493055555556,0.6180555555555556
1456,0.8720083898968167,0.87109375,0.6228298611111112
1457,0.8764408098326789,0.8697916666666666,0.6197916666666666
1458,0.8741910325156318,0.8702256944444444,0.6254340277777778
1459,0.8761696285671658,0.8676215277777778,0.6223958333333334
1460,0.8685649898317125,0.8745659722222222,0.6258680555555556
1461,0.8682361046473185,0.8754340277777778,0.6375868055555556
1462,0.8760302861531576,0.8684895833333334,0.6184895833333334
1463,0.8647889892260233,0.8810763888888888,0.62109375
1464,0.8764103055000305,0.8684895833333334,0.6362847222222222
1465,0.8685339490572611,0.8763020833333334,0.6180555555555556
1466,0.8624380628267924,0.8888888888888888,0.6297743055555556
1467,0.8747577004962497,0.8684895833333334,0.6362847222222222
1468,0.8734938502311707,0.8689236111111112,0.6254340277777778
1469,0.877370748254988,0.8689236111111112,0.6154513888888888
1470,0.8847310940424601,0.8602430555555556,0.5993923611111112
1471,0.8747917148802016,0.8697916666666666,0.6284722222222222
1472,0.8628057572576735,0.8810763888888888,0.6223958333333334
1473,0.8807078732384576,0.859375,0.6059027777777778
1474,0.877841419643826,0.8663194444444444,0.6258680555555556
1475,0.8777362108230591,0.8671875,0.6284722222222222
1476,0.8799909154574076,0.8615451388888888,0.6167534722222222
1477,0.867029090722402,0.8776041666666666,0.6232638888888888
1478,0.8757151895099216,0.8680555555555556,0.6245659722222222
1479,0.8758929570515951,0.8723958333333334,0.6241319444444444
1480,0.871063126458062,0.8706597222222222,0.6267361111111112
1481,0.8699699441591898,0.8758680555555556,0.6297743055555556
1482,0.8752168218294779,0.8667534722222222,0.6436631944444444
1483,0.861982974741194,0.8797743055555556,0.6276041666666666
1484,0.8611850672298007,0.8845486111111112,0.6310763888888888
1485,0.8721395134925842,0.8736979166666666,0.6306423611111112
1486,0.8731091949674818,0.8693576388888888,0.6345486111111112
1487,0.8724782599343194,0.8706597222222222,0.6206597222222222
1488,0.8727995554606119,0.8741319444444444,0.6271701388888888
1489,0.8663643333646986,0.8793402777777778,0.6328125
1490,0.8716868493292067,0.8723958333333334,0.6306423611111112
1491,0.8716920216878256,0.8732638888888888,0.63671875
1492,0.8719991313086616,0.8732638888888888,0.6332465277777778
1493,0.8703699111938477,0.8736979166666666,0.6393229166666666
1494,0.8602528240945604,0.8810763888888888,0.6345486111111112
1495,0.8718562523523966,0.8732638888888888,0.6323784722222222
1496,0.878184073501163,0.8645833333333334,0.6349826388888888
1497,0.8756250341733297,0.8676215277777778,0.6267361111111112
1498,0.874162322945065,0.8684895833333334,0.6323784722222222
1499,0.8682112296422323,0.8745659722222222,0.62890625
1500,0.8692689074410332,0.8754340277777778,0.6267361111111112
